CODE_PRODUIT_STOCKAGE;CODE_SITE;MASSE_VOL;TYPE;PERIODE;QTE_PREV;QTE_PREV_EQ_BLE
CO0100;D001;1.0;CONV;SUM;282.7575;282.7575
CO0100;D002;1.0;CONV;SUM;138.1426;138.1426
CO0100;D003;1.0;CONV;SUM;1147.314;1147.314
CO0100;D006;1.0;CONV;SUM;554.1457;554.1457
CO0100;D007;1.0;CONV;SUM;1306.4075;1306.4075
CO0100;D008;1.0;CONV;SUM;3364.062;3364.062
CO0100;D009;1.0;CONV;SUM;2558.122;2558.122
CO0100;D010;1.0;CONV;SUM;448.4;448.4
CO0100;D011;1.0;CONV;SUM;616.55;616.55
CO0100;D012;1.0;CONV;SUM;1001.6902;1001.6902
CO0100;D013;1.0;CONV;SUM;1479.72;1479.72
CO0100;D014;1.0;CONV;SUM;2808.5357;2808.5357
CO0100;D015;1.0;CONV;SUM;622.863;622.863
CO0100;D016;1.0;CONV;SUM;1281.067;1281.067
CO0100;D017;1.0;CONV;SUM;683.0607;683.0607
CO0100;D018;1.0;CONV;SUM;1055.156;1055.156
CO0100;D019;1.0;CONV;SUM;3272.553;3272.553
CO0100;D020;1.0;CONV;SUM;1196.107;1196.107
CO0100;D021;1.0;CONV;SUM;1497.892;1497.892
CO0100;D026;1.0;CONV;SUM;3721.2067;3721.2067
CO0100;D031;1.0;CONV;SUM;1491.8858;1491.8858
CO0100;D032;1.0;CONV;SUM;564.1579999999999;564.158
CO0100;D033;1.0;CONV;SUM;353.646;353.646
CO0100;D034;1.0;CONV;SUM;286.15;286.15
CO0100;D037;1.0;CONV;SUM;791.1310000000001;791.131
CO0100;D038;1.0;CONV;SUM;569.35;569.35
CO0100;D040;1.0;CONV;SUM;647.879;647.879
CO0100;D041;1.0;CONV;SUM;895.5905;895.5905
CO0100;D044;1.0;CONV;SUM;1157.2259999999999;1157.226
CO0100;D046;1.0;CONV;SUM;274.2379;274.2379
CO0100;D049;1.0;CONV;SUM;2076.505;2076.505
CO0100;D051;1.0;CONV;SUM;337.7042;337.7042
CO0100;D052;1.0;CONV;SUM;2208.665;2208.665
CO0100;D053;1.0;CONV;SUM;2510.45;2510.45
CO0100;D054;1.0;CONV;SUM;595.959;595.959
CO0100;D056;1.0;CONV;SUM;1805.046;1805.046
CO0100;D059;1.0;CONV;SUM;765.171;765.171
CO0100;D062;1.0;CONV;SUM;178.77;178.77
CO0100;D063;1.0;CONV;SUM;106.19999999999999;106.2
CO0100;D065;1.0;CONV;SUM;800.748;800.748
CO0100;D066;1.0;CONV;SUM;22.42;22.42
CO0100;D067;1.0;CONV;SUM;250.101;250.101
CO0100;D068;1.0;CONV;SUM;876.1500000000001;876.15
CO0100;D074;1.0;CONV;SUM;1362.8999999999999;1362.9
CO0100;D077;1.0;CONV;SUM;241.9;241.9
CO0100;D087;1.0;CONV;SUM;227.15;227.15
CO0100;D100;1.0;CONV;SUM;783.579;783.579
CO0100;D102;1.0;CONV;SUM;1102.828;1102.828
CO0100;D104;1.0;CONV;SUM;489.818;489.818
CO0100;D105;1.0;CONV;SUM;1446.149;1446.149
CO0100;D106;1.0;CONV;SUM;770.1270000000001;770.127
CO0100;D107;1.0;CONV;SUM;478.49;478.49
CO0100;D108;1.0;CONV;SUM;17.7;17.7
CO0100;D109;1.0;CONV;SUM;267.506;267.506
CO0100;D110;1.0;CONV;SUM;401.672;401.672
CO0100;D111;1.0;CONV;SUM;1097.518;1097.518
CO0100;D112;1.0;CONV;SUM;2080.576;2080.576
CO0100;D114;1.0;CONV;SUM;1138.936;1138.936
CO0100;D115;1.0;CONV;SUM;467.94669999999996;467.9467
CO0100;D116;1.0;CONV;SUM;1824.8169;1824.8169
CO0100;D119;1.0;CONV;SUM;240.95600000000002;240.956
CO0100;D126;1.0;CONV;SUM;455.716;455.716
CO0100;D128;1.0;CONV;SUM;937.746;937.746
CO0100;D143;1.0;CONV;SUM;1126.487;1126.487
CO0100;D153;1.0;CONV;SUM;1475.6077;1475.6077
CO0100;D157;1.0;CONV;SUM;159.3;159.3
CO0100;D200;1.0;CONV;SUM;396.834;396.834
CO0100;D201;1.0;CONV;SUM;634.604;634.604
CO0100;D202;1.0;CONV;SUM;454.47700000000003;454.477
CO0100;D204;1.0;CONV;SUM;1187.08;1187.08
CO0100;D205;1.0;CONV;SUM;995.33;995.33
CO0100;D209;1.0;CONV;SUM;593.186;593.186
CO0100;D210;1.0;CONV;SUM;994.445;994.445
CO0100;D212;1.0;CONV;SUM;450.99600000000004;450.996
CO0100;D213;1.0;CONV;SUM;809.008;809.008
CO0100;D214;1.0;CONV;SUM;1076.75;1076.75
CO0100;D216;1.0;CONV;SUM;1290.3536;1290.3536
CO0100;D217;1.0;CONV;SUM;961.8770000000001;961.877
CO0100;D218;1.0;CONV;SUM;147.5;147.5
CO0100;D220;1.0;CONV;SUM;907.833;907.833
CO0100;D222;1.0;CONV;SUM;975.86;975.86
CO0100;D223;1.0;CONV;SUM;24.072;24.072
CO0100;D226;1.0;CONV;SUM;78.47;78.47
CO0100;D228;1.0;CONV;SUM;106.2;106.2
CO0100;D271;1.0;CONV;SUM;280.781;280.781
CO0100;D272;1.0;CONV;SUM;597.4163;597.4163
CO0100;D281;1.0;CONV;SUM;422.086;422.086
CO0100;D283;1.0;CONV;SUM;643.6782;643.6782
CO0100;D286;1.0;CONV;SUM;774.552;774.552
CO0100;D287;1.0;CONV;SUM;401.377;401.377
CO0100;D300;1.0;CONV;SUM;1861.6860000000001;1861.686
CO0100;D302;1.0;CONV;SUM;648.351;648.351
CO0100;D316;1.0;CONV;SUM;175.8967;175.8967
CO0100;D402;1.0;CONV;SUM;1877.5511;1877.5511
CO0100;D404;1.0;CONV;SUM;1665.4814999999999;1665.4815
CO0100;D405;1.0;CONV;SUM;1931.247;1931.247
CO0100;D410;1.0;CONV;SUM;103.84;103.84
CO0100;D411;1.0;CONV;SUM;1943.4836;1943.4836
CO0100;D412;1.0;CONV;SUM;466.218;466.218
CO0100;D416;1.0;CONV;SUM;2261.47;2261.47
CO0100;D418;1.0;CONV;SUM;489.287;489.287
CO0100;D419;1.0;CONV;SUM;90.03399999999999;90.034
CO0100;D424;1.0;CONV;SUM;735.848;735.848
CO0100;D426;1.0;CONV;SUM;1858.382;1858.382
CO0100;D435;1.0;CONV;SUM;956.567;956.567
CO0100;D439;1.0;CONV;SUM;2076.5817;2076.5817
CO0100;D440;1.0;CONV;SUM;705.1444;705.1444
CO0100;D441;1.0;CONV;SUM;1731.7444;1731.7444
CO0100;D442;1.0;CONV;SUM;514.893;514.893
CO0100;D445;1.0;CONV;SUM;377.187;377.187
CO0100;D456;1.0;CONV;SUM;1486.5935;1486.5935
CO0100;D462;1.0;CONV;SUM;366.567;366.567
CO0100;D464;1.0;CONV;SUM;1322.839;1322.839
CO0100;D472;1.0;CONV;SUM;183.018;183.018
CO0100;D476;1.0;CONV;SUM;474.891;474.891
CO0100;D490;1.0;CONV;SUM;2149.37;2149.37
CO0100;D501;1.0;CONV;SUM;565.4559999999999;565.456
CO0100;D503;1.0;CONV;SUM;4110.53;4110.53
CO0100;D507;1.0;CONV;SUM;719.8;719.8
CO0100;D508;1.0;CONV;SUM;6082.3867;6082.3867
CO0100;D509;1.0;CONV;SUM;247.8;247.8
CO0100;D511;1.0;CONV;SUM;693.25;693.25
CO0100;D512;1.0;CONV;SUM;1664.449;1664.449
CO0100;D513;1.0;CONV;SUM;1282.4180999999999;1282.4181
CO0100;D514;1.0;CONV;SUM;2022.0539;2022.0539
CO0100;D517;1.0;CONV;SUM;2165.9903;2165.9903
CO0100;D519;1.0;CONV;SUM;2581.25;2581.25
CO0100;D520;1.0;CONV;SUM;1940.2032;1940.2032
CO0100;D524;1.0;CONV;SUM;531.0;531.0
CO0100;D525;1.0;CONV;SUM;2550.4519999999998;2550.452
CO0100;D601;1.0;CONV;SUM;284.852;284.852
CO0100;D602;1.0;CONV;SUM;2367.2393;2367.2393
CO0100;D603;1.0;CONV;SUM;2181.7315;2181.7315
CO0100;D605;1.0;CONV;SUM;2417.2418;2417.2418
CO0100;D606;1.0;CONV;SUM;932.3947000000001;932.3947
CO0100;D608;1.0;CONV;SUM;866.2085000000001;866.2085
CO0100;D609;1.0;CONV;SUM;2922.978;2922.978
CO0100;D610;1.0;CONV;SUM;3551.623;3551.623
CO0100;D611;1.0;CONV;SUM;848.597;848.597
CO0100;D612;1.0;CONV;SUM;3331.612;3331.612
CO0100;D613;1.0;CONV;SUM;2752.409;2752.409
CO0100;D614;1.0;CONV;SUM;1687.6418999999999;1687.6419
CO0100;D615;1.0;CONV;SUM;1478.6757;1478.6757
CO0100;D616;1.0;CONV;SUM;1530.9143;1530.9143
CO0100;D617;1.0;CONV;SUM;3183.7226;3183.7226
CO0100;D618;1.0;CONV;SUM;404.03200000000004;404.032
CO0100;D620;1.0;CONV;SUM;2041.5239;2041.5239
CO0100;D621;1.0;CONV;SUM;1701.6603;1701.6603
CO0100;D622;1.0;CONV;SUM;3528.082;3528.082
CO0100;D624;1.0;CONV;SUM;924.5831000000001;924.5831
CO0100;D625;1.0;CONV;SUM;2906.045;2906.045
CO0100;D626;1.0;CONV;SUM;1517.421;1517.421
CO0100;D627;1.0;CONV;SUM;1470.3095;1470.3095
CO0100;D628;1.0;CONV;SUM;2209.3907;2209.3907
CO0100;D629;1.0;CONV;SUM;2621.2284;2621.2284
CO0100;D631;1.0;CONV;SUM;3481.0354;3481.0354
CO0100;D632;1.0;CONV;SUM;3981.5206;3981.5206
CO0100;D633;1.0;CONV;SUM;1912.4614;1912.4614
CO0100;D635;1.0;CONV;SUM;2204.594;2204.594
CO0100;D637;1.0;CONV;SUM;766.5457;766.5457
CO0100;D638;1.0;CONV;SUM;2375.2397;2375.2397
CO0100;D639;1.0;CONV;SUM;1512.583;1512.583
CO0100;D641;1.0;CONV;SUM;1333.5003;1333.5003
CO0100;D642;1.0;CONV;SUM;2101.8396;2101.8396
CO0100;D643;1.0;CONV;SUM;3636.9429;3636.9429
CO0100;D644;1.0;CONV;SUM;2900.0860000000002;2900.086
CO0100;D645;1.0;CONV;SUM;1368.21;1368.21
CO0100;D646;1.0;CONV;SUM;507.577;507.577
CO0100;D647;1.0;CONV;SUM;1405.498;1405.498
CO0100;D648;1.0;CONV;SUM;285.029;285.029
CO0100;D649;1.0;CONV;SUM;872.4566;872.4566
CO0100;D651;1.0;CONV;SUM;978.3321;978.3321
CO0100;D652;1.0;CONV;SUM;1933.725;1933.725
CO0100;D653;1.0;CONV;SUM;869.4417;869.4417
CO0100;D654;1.0;CONV;SUM;1630.9665;1630.9665
CO0100;D656;1.0;CONV;SUM;1016.4461;1016.4461
CO0100;D657;1.0;CONV;SUM;2042.1316;2042.1316
CO0100;D658;1.0;CONV;SUM;711.6579999999999;711.658
CO0100;D659;1.0;CONV;SUM;2762.9405;2762.9405
CO0100;D660;1.0;CONV;SUM;3388.8656;3388.8656
CO0100;D661;1.0;CONV;SUM;2298.0323;2298.0323
CO0100;D662;1.0;CONV;SUM;2146.715;2146.715
CO0100;D663;1.0;CONV;SUM;88.5;88.5
CO0100;D664;1.0;CONV;SUM;423.3073;423.3073
CO0100;D665;1.0;CONV;SUM;118.1121;118.1121
CO0100;D666;1.0;CONV;SUM;2604.1892;2604.1892
CO0100;D667;1.0;CONV;SUM;2414.0322;2414.0322
CO0100;D669;1.0;CONV;SUM;4487.4338;4487.4338
CO0100;D670;1.0;CONV;SUM;1879.386;1879.386
CO0100;D671;1.0;CONV;SUM;961.582;961.582
CO0100;D672;1.0;CONV;SUM;151.6241;151.6241
CO0100;D673;1.0;CONV;SUM;1634.8310000000001;1634.831
CO0100;D674;1.0;CONV;SUM;3857.9274;3857.9274
CO0100;D675;1.0;CONV;SUM;1972.8183999999999;1972.8184
CO0100;D676;1.0;CONV;SUM;3052.8016000000002;3052.8016
CO0100;D677;1.0;CONV;SUM;4125.4628999999995;4125.4629
CO0100;D678;1.0;CONV;SUM;743.0578;743.0578
CO0100;D679;1.0;CONV;SUM;1955.4783;1955.4783
CO0100;D680;1.0;CONV;SUM;1005.419;1005.419
CO0100;D682;1.0;CONV;SUM;1685.8188;1685.8188
CO0100;D700;1.0;CONV;SUM;1166.961;1166.961
CO0100;D702;1.0;CONV;SUM;206.5;206.5
CO0100;D703;1.0;CONV;SUM;1062.0;1062.0
CO0100;D704;1.0;CONV;SUM;587.404;587.404
CO0100;D705;1.0;CONV;SUM;2198.753;2198.753
CO0100;D706;1.0;CONV;SUM;29.5;29.5
CO0100;D707;1.0;CONV;SUM;1757.315;1757.315
CO0100;D708;1.0;CONV;SUM;492.65;492.65
CO0100;D710;1.0;CONV;SUM;2478.2478;2478.2478
CO0100;D711;1.0;CONV;SUM;283.2;283.2
CO0100;D742;1.0;CONV;SUM;401.2;401.2
CO0133;D517;1.0;CONV;SUM;599.0328999999999;599.0329
CO0133;D602;1.0;CONV;SUM;943.4395;943.4395
CO0133;D603;1.0;CONV;SUM;1619.5559;1619.5559
CO0133;D606;1.0;CONV;SUM;1639.0967;1639.0967
CO0133;D608;1.0;CONV;SUM;1285.2973;1285.2973
CO0133;D609;1.0;CONV;SUM;555.1428;555.1428
CO0133;D611;1.0;CONV;SUM;1135.9034;1135.9034
CO0133;D613;1.0;CONV;SUM;2174.5276;2174.5276
CO0133;D614;1.0;CONV;SUM;1170.8255;1170.8255
CO0133;D621;1.0;CONV;SUM;280.30899999999997;280.309
CO0133;D638;1.0;CONV;SUM;180.4692;180.4692
CO0133;D657;1.0;CONV;SUM;1875.7339;1875.7339
CO0133;D669;1.0;CONV;SUM;300.6522;300.6522
CO0152;D006;1.0;CONV;SUM;488.0126;488.0126
CO0152;D404;1.0;CONV;SUM;44.0199;44.0199
CO0152;D605;1.0;CONV;SUM;2848.7796;2848.7796
CO0152;D610;1.0;CONV;SUM;3132.4811;3132.4811
CO0152;D620;1.0;CONV;SUM;965.4465;965.4465
CO0152;D631;1.0;CONV;SUM;788.4819;788.4819
CO0152;D633;1.0;CONV;SUM;1602.6937;1602.6937
CO0152;D641;1.0;CONV;SUM;85.4143;85.4143
CO0152;D643;1.0;CONV;SUM;1527.6752;1527.6752
CO0152;D644;1.0;CONV;SUM;163.2825;163.2825
CO0152;D662;1.0;CONV;SUM;360.8912;360.8912
CO0152;D664;1.0;CONV;SUM;584.1;584.1
CO0152;D666;1.0;CONV;SUM;689.5035;689.5035
CO0152;D674;1.0;CONV;SUM;3562.9097;3562.9097
CO0152;D681;1.0;CONV;SUM;1010.1921;1010.1921
CO0154;D007;1.0;CONV;SUM;87.8075;87.8075
CO0154;D216;1.0;CONV;SUM;107.41499999999999;107.415
CO0154;D404;1.0;CONV;SUM;66.022;66.022
CO0154;D441;1.0;CONV;SUM;13.717;13.717
CO0154;D613;1.0;CONV;SUM;302.621;302.621
CO0154;D617;1.0;CONV;SUM;176.968;176.968
CO0154;D633;1.0;CONV;SUM;155.947;155.947
CO0154;D662;1.0;CONV;SUM;123.37049999999999;123.3705
CO0154;D674;1.0;CONV;SUM;281.413;281.413
CO0161;D026;1.0;CONV;SUM;165.0;165.0
CO0161;D661;1.0;CONV;SUM;55.0;55.0
CO0161;D666;1.0;CONV;SUM;165.0;165.0
CO0161;D673;1.0;CONV;SUM;66.0;66.0
CO0166;D001;1.0;CONV;SUM;57.4475;57.4475
CO0166;D013;1.0;CONV;SUM;375.683;375.683
CO0166;D022;1.0;CONV;SUM;29.5955;29.5955
CO0166;D031;1.0;CONV;SUM;260.645;260.645
CO0166;D038;1.0;CONV;SUM;45.4355;45.4355
CO0166;D511;1.0;CONV;SUM;56.6555;56.6555
CO0166;D514;1.0;CONV;SUM;37.345;37.345
CO0166;D632;1.0;CONV;SUM;106.81;106.81
CO0166;D677;1.0;CONV;SUM;116.193;116.193
CO0166;D700;1.0;CONV;SUM;273.9825;273.9825
CO0166;D708;1.0;CONV;SUM;50.787;50.787
CO0166;D710;1.0;CONV;SUM;11.649;11.649
CO0173;D007;1.0;CONV;SUM;303.5078;303.5078
CO0173;D092;1.0;CONV;SUM;59.0;59.0
CO0173;D157;1.0;CONV;SUM;383.5;383.5
CO0173;D200;1.0;CONV;SUM;264.8864;264.8864
CO0173;D212;1.0;CONV;SUM;106.2;106.2
CO0173;D316;1.0;CONV;SUM;385.6771;385.6771
CO0173;D402;1.0;CONV;SUM;84.1458;84.1458
CO0173;D405;1.0;CONV;SUM;392.822;392.822
CO0173;D411;1.0;CONV;SUM;216.7306;216.7306
CO0173;D419;1.0;CONV;SUM;147.9543;147.9543
CO0173;D426;1.0;CONV;SUM;177.0;177.0
CO0173;D441;1.0;CONV;SUM;88.5;88.5
CO0173;D490;1.0;CONV;SUM;158.8929;158.8929
CO0173;D631;1.0;CONV;SUM;154.0785;154.0785
CO0173;D632;1.0;CONV;SUM;636.3976;636.3976
CO0173;D633;1.0;CONV;SUM;462.75469999999996;462.7547
CO0173;D637;1.0;CONV;SUM;99.5153;99.5153
CO0173;D642;1.0;CONV;SUM;528.8347;528.8347
CO0173;D649;1.0;CONV;SUM;148.00740000000002;148.0074
CO0173;D651;1.0;CONV;SUM;957.1393;957.1393
CO0173;D652;1.0;CONV;SUM;319.131;319.131
CO0173;D653;1.0;CONV;SUM;635.961;635.961
CO0173;D654;1.0;CONV;SUM;388.22;388.22
CO0173;D660;1.0;CONV;SUM;195.9862;195.9862
CO0173;D661;1.0;CONV;SUM;846.2783;846.2783
CO0173;D665;1.0;CONV;SUM;529.289;529.289
CO0173;D671;1.0;CONV;SUM;177.90269999999998;177.9027
CO0173;D672;1.0;CONV;SUM;67.5255;67.5255
CO0173;D675;1.0;CONV;SUM;719.623;719.623
CO0173;D679;1.0;CONV;SUM;772.8351;772.8351
CO0173;D682;1.0;CONV;SUM;156.3441;156.3441
CO0173;D700;1.0;CONV;SUM;90.1992;90.1992
CO0173;D708;1.0;CONV;SUM;50.167699999999996;50.1677
CO0175;D602;1.0;CONV;SUM;306.8725;306.8725
CO0175;D603;1.0;CONV;SUM;355.927;355.927
CO0175;D606;1.0;CONV;SUM;382.4755;382.4755
CO0175;D611;1.0;CONV;SUM;14.949;14.949
CO0175;D614;1.0;CONV;SUM;184.00799999999998;184.008
CO0175;D628;1.0;CONV;SUM;409.69500000000005;409.695
CO0175;D638;1.0;CONV;SUM;521.851;521.851
CO0178;D631;1.0;CONV;SUM;60.367999999999995;60.368
CO0178;D633;1.0;CONV;SUM;550.066;550.066
CO0200;D003;1.0;CONV;SUM;15.0;15.0
CO0200;D009;1.0;CONV;SUM;47.95;47.95
CO0200;D010;1.0;CONV;SUM;75.0;75.0
CO0200;D012;1.0;CONV;SUM;165.0;165.0
CO0200;D013;1.0;CONV;SUM;143.2;143.2
CO0200;D014;1.0;CONV;SUM;120.0;120.0
CO0200;D015;1.0;CONV;SUM;10.0;10.0
CO0200;D016;1.0;CONV;SUM;135.0;135.0
CO0200;D017;1.0;CONV;SUM;283.38;283.38
CO0200;D021;1.0;CONV;SUM;195.05;195.05
CO0200;D026;1.0;CONV;SUM;317.965;317.965
CO0200;D031;1.0;CONV;SUM;104.3;104.3
CO0200;D032;1.0;CONV;SUM;35.0;35.0
CO0200;D040;1.0;CONV;SUM;25.0;25.0
CO0200;D041;1.0;CONV;SUM;150.28;150.28
CO0200;D049;1.0;CONV;SUM;55.0;55.0
CO0200;D056;1.0;CONV;SUM;119.4;119.4
CO0200;D059;1.0;CONV;SUM;152.79999999999998;152.8
CO0200;D062;1.0;CONV;SUM;150.0;150.0
CO0200;D065;1.0;CONV;SUM;165.0;165.0
CO0200;D077;1.0;CONV;SUM;223.6;223.6
CO0200;D092;1.0;CONV;SUM;272.9;272.9
CO0200;D100;1.0;CONV;SUM;682.25;682.25
CO0200;D102;1.0;CONV;SUM;105.0;105.0
CO0200;D104;1.0;CONV;SUM;385.09499999999997;385.095
CO0200;D105;1.0;CONV;SUM;1023.3;1023.3
CO0200;D106;1.0;CONV;SUM;246.5;246.5
CO0200;D107;1.0;CONV;SUM;249.95;249.95
CO0200;D108;1.0;CONV;SUM;42.5;42.5
CO0200;D109;1.0;CONV;SUM;163.25;163.25
CO0200;D110;1.0;CONV;SUM;366.0;366.0
CO0200;D112;1.0;CONV;SUM;388.865;388.865
CO0200;D114;1.0;CONV;SUM;161.25;161.25
CO0200;D116;1.0;CONV;SUM;524.675;524.675
CO0200;D119;1.0;CONV;SUM;35.9;35.9
CO0200;D126;1.0;CONV;SUM;759.07;759.07
CO0200;D128;1.0;CONV;SUM;64.4;64.4
CO0200;D143;1.0;CONV;SUM;596.475;596.475
CO0200;D157;1.0;CONV;SUM;85.0;85.0
CO0200;D200;1.0;CONV;SUM;94.45;94.45
CO0200;D201;1.0;CONV;SUM;365.2;365.2
CO0200;D202;1.0;CONV;SUM;483.8;483.8
CO0200;D204;1.0;CONV;SUM;190.6;190.6
CO0200;D205;1.0;CONV;SUM;204.55;204.55
CO0200;D210;1.0;CONV;SUM;405.3;405.3
CO0200;D212;1.0;CONV;SUM;46.4;46.4
CO0200;D213;1.0;CONV;SUM;46.9;46.9
CO0200;D214;1.0;CONV;SUM;206.4;206.4
CO0200;D216;1.0;CONV;SUM;885.04;885.04
CO0200;D217;1.0;CONV;SUM;428.605;428.605
CO0200;D218;1.0;CONV;SUM;94.4;94.4
CO0200;D220;1.0;CONV;SUM;150.0;150.0
CO0200;D222;1.0;CONV;SUM;882.865;882.865
CO0200;D223;1.0;CONV;SUM;29.610000000000003;29.61
CO0200;D226;1.0;CONV;SUM;40.0;40.0
CO0200;D402;1.0;CONV;SUM;65.8;65.8
CO0200;D404;1.0;CONV;SUM;203.6;203.6
CO0200;D405;1.0;CONV;SUM;144.0;144.0
CO0200;D410;1.0;CONV;SUM;601.56;601.56
CO0200;D411;1.0;CONV;SUM;323.615;323.615
CO0200;D412;1.0;CONV;SUM;62.5;62.5
CO0200;D416;1.0;CONV;SUM;333.0;333.0
CO0200;D418;1.0;CONV;SUM;142.79000000000002;142.79
CO0200;D419;1.0;CONV;SUM;280.0;280.0
CO0200;D424;1.0;CONV;SUM;657.55;657.55
CO0200;D426;1.0;CONV;SUM;200.0;200.0
CO0200;D435;1.0;CONV;SUM;38.75;38.75
CO0200;D439;1.0;CONV;SUM;769.845;769.845
CO0200;D440;1.0;CONV;SUM;28.6;28.6
CO0200;D441;1.0;CONV;SUM;210.4;210.4
CO0200;D442;1.0;CONV;SUM;291.1;291.1
CO0200;D445;1.0;CONV;SUM;69.1;69.1
CO0200;D456;1.0;CONV;SUM;601.76;601.76
CO0200;D462;1.0;CONV;SUM;502.82;502.82
CO0200;D464;1.0;CONV;SUM;123.7;123.7
CO0200;D476;1.0;CONV;SUM;88.4;88.4
CO0200;D490;1.0;CONV;SUM;242.15;242.15
CO0200;D508;1.0;CONV;SUM;1171.065;1171.065
CO0200;D519;1.0;CONV;SUM;22.5;22.5
CO0200;D603;1.0;CONV;SUM;120.35;120.35
CO0200;D605;1.0;CONV;SUM;84.55;84.55
CO0200;D609;1.0;CONV;SUM;43.6;43.6
CO0200;D610;1.0;CONV;SUM;437.35;437.35
CO0200;D613;1.0;CONV;SUM;199.95;199.95
CO0200;D614;1.0;CONV;SUM;176.8;176.8
CO0200;D617;1.0;CONV;SUM;100.0;100.0
CO0200;D620;1.0;CONV;SUM;393.6;393.6
CO0200;D622;1.0;CONV;SUM;47.0;47.0
CO0200;D627;1.0;CONV;SUM;100.0;100.0
CO0200;D631;1.0;CONV;SUM;733.6;733.6
CO0200;D632;1.0;CONV;SUM;266.75;266.75
CO0200;D633;1.0;CONV;SUM;457.6;457.6
CO0200;D635;1.0;CONV;SUM;50.0;50.0
CO0200;D647;1.0;CONV;SUM;33.05;33.05
CO0200;D649;1.0;CONV;SUM;68.65;68.65
CO0200;D652;1.0;CONV;SUM;115.0;115.0
CO0200;D653;1.0;CONV;SUM;71.65;71.65
CO0200;D657;1.0;CONV;SUM;110.5;110.5
CO0200;D658;1.0;CONV;SUM;121.75;121.75
CO0200;D662;1.0;CONV;SUM;30.85;30.85
CO0200;D666;1.0;CONV;SUM;396.675;396.675
CO0200;D669;1.0;CONV;SUM;120.4;120.4
CO0200;D672;1.0;CONV;SUM;195.64999999999998;195.65
CO0200;D674;1.0;CONV;SUM;63.5;63.5
CO0200;D675;1.0;CONV;SUM;332.94;332.94
CO0200;D680;1.0;CONV;SUM;45.0;45.0
CO0300;D003;1.15;CONV;SUM;542.355;471.613
CO0300;D006;1.15;CONV;SUM;82.65;71.8696
CO0300;D007;1.15;CONV;SUM;442.377;384.6757
CO0300;D008;1.15;CONV;SUM;994.9920000000001;865.2104
CO0300;D009;1.15;CONV;SUM;1188.906;1033.8313
CO0300;D010;1.15;CONV;SUM;276.108;240.0939
CO0300;D011;1.15;CONV;SUM;239.39999999999998;208.1739
CO0300;D012;1.15;CONV;SUM;145.35000000000002;126.3913
CO0300;D013;1.15;CONV;SUM;271.377;235.98
CO0300;D014;1.15;CONV;SUM;651.909;566.8774
CO0300;D015;1.15;CONV;SUM;329.06100000000004;286.14
CO0300;D016;1.15;CONV;SUM;159.543;138.733
CO0300;D017;1.15;CONV;SUM;123.747;107.6061
CO0300;D018;1.15;CONV;SUM;378.822;329.4104
CO0300;D019;1.15;CONV;SUM;804.384;699.4643
CO0300;D020;1.15;CONV;SUM;353.058;307.007
CO0300;D021;1.15;CONV;SUM;112.974;98.2383
CO0300;D026;1.15;CONV;SUM;1560.831;1357.2443
CO0300;D031;1.15;CONV;SUM;222.3;193.3043
CO0300;D032;1.15;CONV;SUM;58.197;50.6061
CO0300;D034;1.15;CONV;SUM;153.9;133.8261
CO0300;D037;1.15;CONV;SUM;151.962;132.1409
CO0300;D040;1.15;CONV;SUM;154.242;134.1235
CO0300;D041;1.15;CONV;SUM;411.597;357.9104
CO0300;D044;1.15;CONV;SUM;588.696;511.9096
CO0300;D046;1.15;CONV;SUM;172.539;150.0339
CO0300;D049;1.15;CONV;SUM;379.05;329.6087
CO0300;D051;1.15;CONV;SUM;148.998;129.5635
CO0300;D052;1.15;CONV;SUM;845.481;735.2009
CO0300;D053;1.15;CONV;SUM;316.91999999999996;275.5826
CO0300;D054;1.15;CONV;SUM;197.961;172.14
CO0300;D056;1.15;CONV;SUM;658.35;572.4783
CO0300;D059;1.15;CONV;SUM;507.642;441.4278
CO0300;D062;1.15;CONV;SUM;65.55;57.0
CO0300;D063;1.15;CONV;SUM;62.586;54.4226
CO0300;D065;1.15;CONV;SUM;39.957;34.7452
CO0300;D066;1.15;CONV;SUM;112.86000000000001;98.1391
CO0300;D068;1.15;CONV;SUM;94.62;82.2783
CO0300;D074;1.15;CONV;SUM;461.70000000000005;401.4783
CO0300;D087;1.15;CONV;SUM;153.9;133.8261
CO0300;D100;1.15;CONV;SUM;42.237;36.7278
CO0300;D102;1.15;CONV;SUM;144.21;125.4
CO0300;D106;1.15;CONV;SUM;0.057;0.0496
CO0300;D107;1.15;CONV;SUM;10.26;8.9217
CO0300;D108;1.15;CONV;SUM;139.65;121.4348
CO0300;D109;1.15;CONV;SUM;60.249;52.3904
CO0300;D111;1.15;CONV;SUM;28.5;24.7826
CO0300;D112;1.15;CONV;SUM;205.71300000000002;178.8809
CO0300;D114;1.15;CONV;SUM;31.407;27.3104
CO0300;D115;1.15;CONV;SUM;238.488;207.3809
CO0300;D116;1.15;CONV;SUM;85.72800000000001;74.5461
CO0300;D119;1.15;CONV;SUM;148.086;128.7704
CO0300;D126;1.15;CONV;SUM;74.784;65.0296
CO0300;D143;1.15;CONV;SUM;114.0;99.1304
CO0300;D200;1.15;CONV;SUM;198.531;172.6357
CO0300;D204;1.15;CONV;SUM;135.09;117.4696
CO0300;D209;1.15;CONV;SUM;112.404;97.7426
CO0300;D210;1.15;CONV;SUM;103.74000000000001;90.2087
CO0300;D212;1.15;CONV;SUM;90.06;78.313
CO0300;D213;1.15;CONV;SUM;57.0;49.5652
CO0300;D216;1.15;CONV;SUM;79.8;69.3913
CO0300;D220;1.15;CONV;SUM;11.4;9.913
CO0300;D222;1.15;CONV;SUM;56.601;49.2183
CO0300;D271;1.15;CONV;SUM;101.061;87.8791
CO0300;D272;1.15;CONV;SUM;167.18099999999998;145.3748
CO0300;D281;1.15;CONV;SUM;225.89100000000002;196.427
CO0300;D286;1.15;CONV;SUM;27.474;23.8904
CO0300;D287;1.15;CONV;SUM;316.977;275.6322
CO0300;D402;1.15;CONV;SUM;195.339;169.86
CO0300;D404;1.15;CONV;SUM;176.87099999999998;153.8009
CO0300;D405;1.15;CONV;SUM;209.019;181.7557
CO0300;D410;1.15;CONV;SUM;23.655;20.5696
CO0300;D411;1.15;CONV;SUM;404.985;352.1609
CO0300;D412;1.15;CONV;SUM;66.12;57.4957
CO0300;D416;1.15;CONV;SUM;119.7;104.087
CO0300;D418;1.15;CONV;SUM;57.0;49.5652
CO0300;D419;1.15;CONV;SUM;235.638;204.9026
CO0300;D424;1.15;CONV;SUM;43.32;37.6696
CO0300;D435;1.15;CONV;SUM;228.0;198.2609
CO0300;D439;1.15;CONV;SUM;409.43100000000004;356.027
CO0300;D440;1.15;CONV;SUM;250.401;217.74
CO0300;D441;1.15;CONV;SUM;244.302;212.4365
CO0300;D442;1.15;CONV;SUM;205.143;178.3852
CO0300;D456;1.15;CONV;SUM;125.97;109.5391
CO0300;D462;1.15;CONV;SUM;22.8;19.8261
CO0300;D464;1.15;CONV;SUM;145.179;126.2426
CO0300;D472;1.15;CONV;SUM;55.062;47.88
CO0300;D490;1.15;CONV;SUM;1334.085;1160.0739
CO0300;D503;1.15;CONV;SUM;755.25;656.7391
CO0300;D507;1.15;CONV;SUM;28.5;24.7826
CO0300;D508;1.15;CONV;SUM;1593.435;1385.5957
CO0300;D509;1.15;CONV;SUM;136.8;118.9565
CO0300;D511;1.15;CONV;SUM;88.35000000000001;76.8261
CO0300;D512;1.15;CONV;SUM;90.801;78.9574
CO0300;D513;1.15;CONV;SUM;103.455;89.9609
CO0300;D514;1.15;CONV;SUM;911.202;792.3496
CO0300;D517;1.15;CONV;SUM;1023.207;889.7452
CO0300;D519;1.15;CONV;SUM;610.47;530.8435
CO0300;D520;1.15;CONV;SUM;254.79;221.5565
CO0300;D524;1.15;CONV;SUM;171.0;148.6957
CO0300;D525;1.15;CONV;SUM;293.265;255.013
CO0300;D601;1.15;CONV;SUM;70.395;61.213
CO0300;D602;1.15;CONV;SUM;199.44299999999998;173.4287
CO0300;D603;1.15;CONV;SUM;399.171;347.1052
CO0300;D605;1.15;CONV;SUM;181.659;157.9643
CO0300;D606;1.15;CONV;SUM;387.486;336.9443
CO0300;D608;1.15;CONV;SUM;276.222;240.193
CO0300;D609;1.15;CONV;SUM;356.421;309.9313
CO0300;D610;1.15;CONV;SUM;616.9680000000001;536.4939
CO0300;D611;1.15;CONV;SUM;227.202;197.567
CO0300;D612;1.15;CONV;SUM;650.313;565.4896
CO0300;D613;1.15;CONV;SUM;369.18899999999996;321.0339
CO0300;D614;1.15;CONV;SUM;565.668;491.8852
CO0300;D615;1.15;CONV;SUM;163.59;142.2522
CO0300;D616;1.15;CONV;SUM;127.509;110.8774
CO0300;D617;1.15;CONV;SUM;1877.295;1632.4304
CO0300;D618;1.15;CONV;SUM;114.0;99.1304
CO0300;D620;1.15;CONV;SUM;758.385;659.4652
CO0300;D621;1.15;CONV;SUM;694.26;603.7043
CO0300;D622;1.15;CONV;SUM;490.2;426.2609
CO0300;D624;1.15;CONV;SUM;219.108;190.5287
CO0300;D625;1.15;CONV;SUM;538.878;468.5896
CO0300;D626;1.15;CONV;SUM;144.552;125.6974
CO0300;D627;1.15;CONV;SUM;317.49;276.0783
CO0300;D628;1.15;CONV;SUM;934.3439999999999;812.473
CO0300;D629;1.15;CONV;SUM;644.328;560.2852
CO0300;D631;1.15;CONV;SUM;1041.903;906.0026
CO0300;D632;1.15;CONV;SUM;861.6120000000001;749.2278
CO0300;D633;1.15;CONV;SUM;296.571;257.8878
CO0300;D635;1.15;CONV;SUM;879.453;764.7417
CO0300;D637;1.15;CONV;SUM;222.3;193.3043
CO0300;D638;1.15;CONV;SUM;353.685;307.5522
CO0300;D639;1.15;CONV;SUM;509.637;443.1626
CO0300;D641;1.15;CONV;SUM;402.534;350.0296
CO0300;D642;1.15;CONV;SUM;471.219;409.7557
CO0300;D643;1.15;CONV;SUM;1335.111;1160.9661
CO0300;D644;1.15;CONV;SUM;870.2760000000001;756.7617
CO0300;D645;1.15;CONV;SUM;112.119;97.4948
CO0300;D647;1.15;CONV;SUM;399.912;347.7496
CO0300;D648;1.15;CONV;SUM;57.0;49.5652
CO0300;D649;1.15;CONV;SUM;263.568;229.1896
CO0300;D651;1.15;CONV;SUM;478.23;415.8522
CO0300;D652;1.15;CONV;SUM;88.806;77.2226
CO0300;D653;1.15;CONV;SUM;498.29400000000004;433.2991
CO0300;D654;1.15;CONV;SUM;471.789;410.2513
CO0300;D656;1.15;CONV;SUM;167.808;145.92
CO0300;D657;1.15;CONV;SUM;686.736;597.1617
CO0300;D658;1.15;CONV;SUM;517.1610000000001;449.7052
CO0300;D659;1.15;CONV;SUM;393.414;342.0991
CO0300;D660;1.15;CONV;SUM;1114.977;969.5452
CO0300;D661;1.15;CONV;SUM;809.4;703.8261
CO0300;D662;1.15;CONV;SUM;286.14;248.8174
CO0300;D663;1.15;CONV;SUM;28.5;24.7826
CO0300;D665;1.15;CONV;SUM;307.857;267.7017
CO0300;D666;1.15;CONV;SUM;548.169;476.6687
CO0300;D667;1.15;CONV;SUM;636.2339999999999;553.247
CO0300;D669;1.15;CONV;SUM;1067.4959999999999;928.2574
CO0300;D670;1.15;CONV;SUM;299.25;260.2174
CO0300;D671;1.15;CONV;SUM;40.413;35.1417
CO0300;D672;1.15;CONV;SUM;37.05;32.2174
CO0300;D673;1.15;CONV;SUM;671.289;583.7296
CO0300;D674;1.15;CONV;SUM;393.243;341.9504
CO0300;D675;1.15;CONV;SUM;140.106;121.8313
CO0300;D676;1.15;CONV;SUM;344.166;299.2748
CO0300;D677;1.15;CONV;SUM;603.174;524.4991
CO0300;D678;1.15;CONV;SUM;182.4;158.6087
CO0300;D679;1.15;CONV;SUM;305.748;265.8678
CO0300;D681;1.15;CONV;SUM;517.332;449.8539
CO0300;D682;1.15;CONV;SUM;246.126;214.0226
CO0300;D700;1.15;CONV;SUM;441.75;384.1304
CO0300;D702;1.15;CONV;SUM;57.0;49.5652
CO0300;D703;1.15;CONV;SUM;273.6;237.913
CO0300;D704;1.15;CONV;SUM;313.842;272.9061
CO0300;D705;1.15;CONV;SUM;583.167;507.1017
CO0300;D707;1.15;CONV;SUM;114.0;99.1304
CO0300;D708;1.15;CONV;SUM;96.9;84.2609
CO0300;D710;1.15;CONV;SUM;324.90000000000003;282.5217
CO0300;D711;1.15;CONV;SUM;91.2;79.3043
CO0300;DC07;1.15;CONV;SUM;64.98;56.5043
CO0309;D617;1.15;CONV;SUM;142.5;123.913
CO0309;D669;1.15;CONV;SUM;58.368;50.7548
CO0313;D001;1.15;CONV;SUM;1443.725;1255.413
CO0313;D002;1.15;CONV;SUM;110.31;95.9217
CO0313;D003;1.15;CONV;SUM;47.405;41.2217
CO0313;D007;1.15;CONV;SUM;164.915;143.4043
CO0313;D008;1.15;CONV;SUM;853.355;742.0478
CO0313;D009;1.15;CONV;SUM;512.19;445.3826
CO0313;D010;1.15;CONV;SUM;445.0;386.9565
CO0313;D011;1.15;CONV;SUM;142.91;124.2696
CO0313;D012;1.15;CONV;SUM;1070.09;930.513
CO0313;D013;1.15;CONV;SUM;1397.48;1215.2
CO0313;D014;1.15;CONV;SUM;162.875;141.6304
CO0313;D015;1.15;CONV;SUM;40.0;34.7826
CO0313;D016;1.15;CONV;SUM;185.0;160.8696
CO0313;D018;1.15;CONV;SUM;236.165;205.3609
CO0313;D019;1.15;CONV;SUM;735.15;639.2609
CO0313;D021;1.15;CONV;SUM;261.43;227.3304
CO0313;D022;1.15;CONV;SUM;75.0;65.2174
CO0313;D026;1.15;CONV;SUM;600.0;521.7391
CO0313;D031;1.15;CONV;SUM;782.04;680.0348
CO0313;D032;1.15;CONV;SUM;155.25;135.0
CO0313;D033;1.15;CONV;SUM;621.86;540.7478
CO0313;D038;1.15;CONV;SUM;136.25;118.4783
CO0313;D041;1.15;CONV;SUM;444.43;386.4609
CO0313;D044;1.15;CONV;SUM;1561.62;1357.9304
CO0313;D049;1.15;CONV;SUM;238.285;207.2043
CO0313;D052;1.15;CONV;SUM;200.0;173.913
CO0313;D053;1.15;CONV;SUM;831.925;723.413
CO0313;D054;1.15;CONV;SUM;53.82;46.8
CO0313;D056;1.15;CONV;SUM;537.195;467.1261
CO0313;D063;1.15;CONV;SUM;94.9;82.5217
CO0313;D065;1.15;CONV;SUM;41.545;36.1261
CO0313;D066;1.15;CONV;SUM;20.0;17.3913
CO0313;D067;1.15;CONV;SUM;45.135;39.2478
CO0313;D068;1.15;CONV;SUM;220.7;191.913
CO0313;D074;1.15;CONV;SUM;180.165;156.6652
CO0313;D102;1.15;CONV;SUM;235.0;204.3478
CO0313;D104;1.15;CONV;SUM;87.905;76.4391
CO0313;D105;1.15;CONV;SUM;113.5;98.6957
CO0313;D107;1.15;CONV;SUM;163.71;142.3565
CO0313;D108;1.15;CONV;SUM;56.5;49.1304
CO0313;D111;1.15;CONV;SUM;135.0;117.3913
CO0313;D112;1.15;CONV;SUM;1793.68;1559.7217
CO0313;D114;1.15;CONV;SUM;1410.255;1226.3087
CO0313;D116;1.15;CONV;SUM;1586.23;1379.3304
CO0313;D119;1.15;CONV;SUM;113.76499999999999;98.9261
CO0313;D126;1.15;CONV;SUM;257.475;223.8913
CO0313;D143;1.15;CONV;SUM;844.15;734.0435
CO0313;D157;1.15;CONV;SUM;140.0;121.7391
CO0313;D200;1.15;CONV;SUM;27.305;23.7435
CO0313;D201;1.15;CONV;SUM;202.5;176.087
CO0313;D202;1.15;CONV;SUM;570.0;495.6522
CO0313;D204;1.15;CONV;SUM;317.5;276.087
CO0313;D209;1.15;CONV;SUM;308.625;268.3696
CO0313;D212;1.15;CONV;SUM;50.0;43.4783
CO0313;D213;1.15;CONV;SUM;127.45;110.8261
CO0313;D214;1.15;CONV;SUM;441.5;383.913
CO0313;D216;1.15;CONV;SUM;1882.7;1637.1304
CO0313;D217;1.15;CONV;SUM;552.825;480.7174
CO0313;D220;1.15;CONV;SUM;46.9;40.7826
CO0313;D222;1.15;CONV;SUM;2381.33;2070.7217
CO0313;D223;1.15;CONV;SUM;187.05;162.6522
CO0313;D287;1.15;CONV;SUM;45.0;39.1304
CO0313;D300;1.15;CONV;SUM;125.0;108.6957
CO0313;D402;1.15;CONV;SUM;117.81;102.4435
CO0313;D404;1.15;CONV;SUM;747.405;649.9174
CO0313;D405;1.15;CONV;SUM;165.0;143.4783
CO0313;D418;1.15;CONV;SUM;304.425;264.7174
CO0313;D419;1.15;CONV;SUM;289.805;252.0043
CO0313;D424;1.15;CONV;SUM;351.0;305.2174
CO0313;D426;1.15;CONV;SUM;240.63;209.2435
CO0313;D435;1.15;CONV;SUM;211.51;183.9217
CO0313;D439;1.15;CONV;SUM;951.1850000000001;827.1174
CO0313;D440;1.15;CONV;SUM;84.215;73.2304
CO0313;D441;1.15;CONV;SUM;566.6;492.6957
CO0313;D442;1.15;CONV;SUM;394.5;343.0435
CO0313;D445;1.15;CONV;SUM;125.155;108.8304
CO0313;D456;1.15;CONV;SUM;692.775;602.413
CO0313;D462;1.15;CONV;SUM;170.87;148.5826
CO0313;D472;1.15;CONV;SUM;335.46;291.7043
CO0313;D476;1.15;CONV;SUM;130.805;113.7435
CO0313;D490;1.15;CONV;SUM;361.41499999999996;314.2739
CO0313;D501;1.15;CONV;SUM;259.57;225.713
CO0313;D503;1.15;CONV;SUM;138.845;120.7348
CO0313;D504;1.15;CONV;SUM;100.0;86.9565
CO0313;D508;1.15;CONV;SUM;1141.07;992.2348
CO0313;D509;1.15;CONV;SUM;115.0;100.0
CO0313;D511;1.15;CONV;SUM;383.39;333.3826
CO0313;D512;1.15;CONV;SUM;879.225;764.5435
CO0313;D513;1.15;CONV;SUM;804.855;699.8739
CO0313;D514;1.15;CONV;SUM;367.505;319.5696
CO0313;D517;1.15;CONV;SUM;321.91999999999996;279.9304
CO0313;D519;1.15;CONV;SUM;107.6;93.5652
CO0313;D520;1.15;CONV;SUM;182.36;158.5739
CO0313;D525;1.15;CONV;SUM;133.17;115.8
CO0313;D602;1.15;CONV;SUM;156.325;135.9348
CO0313;D603;1.15;CONV;SUM;1013.495;881.3
CO0313;D604;1.15;CONV;SUM;57.72;50.1913
CO0313;D605;1.15;CONV;SUM;554.415;482.1
CO0313;D606;1.15;CONV;SUM;1354.26;1177.6174
CO0313;D608;1.15;CONV;SUM;262.555;228.3087
CO0313;D609;1.15;CONV;SUM;407.115;354.013
CO0313;D610;1.15;CONV;SUM;129.02;112.1913
CO0313;D611;1.15;CONV;SUM;447.69;389.2957
CO0313;D612;1.15;CONV;SUM;216.82;188.5391
CO0313;D613;1.15;CONV;SUM;197.59;171.8174
CO0313;D614;1.15;CONV;SUM;570.3050000000001;495.9174
CO0313;D617;1.15;CONV;SUM;455.84000000000003;396.3826
CO0313;D620;1.15;CONV;SUM;299.98;260.8522
CO0313;D622;1.15;CONV;SUM;329.615;286.6217
CO0313;D625;1.15;CONV;SUM;430.155;374.0478
CO0313;D627;1.15;CONV;SUM;178.195;154.9522
CO0313;D628;1.15;CONV;SUM;832.58;723.9826
CO0313;D629;1.15;CONV;SUM;16.435;14.2913
CO0313;D631;1.15;CONV;SUM;761.8299999999999;662.4609
CO0313;D632;1.15;CONV;SUM;278.42999999999995;242.113
CO0313;D633;1.15;CONV;SUM;378.3;328.9565
CO0313;D638;1.15;CONV;SUM;304.875;265.1087
CO0313;D639;1.15;CONV;SUM;505.845;439.8652
CO0313;D642;1.15;CONV;SUM;100.0;86.9565
CO0313;D646;1.15;CONV;SUM;100.0;86.9565
CO0313;D649;1.15;CONV;SUM;245.635;213.5957
CO0313;D651;1.15;CONV;SUM;124.43;108.2
CO0313;D654;1.15;CONV;SUM;201.94;175.6
CO0313;D657;1.15;CONV;SUM;191.53;166.5478
CO0313;D659;1.15;CONV;SUM;96.4;83.8261
CO0313;D660;1.15;CONV;SUM;26.0;22.6087
CO0313;D662;1.15;CONV;SUM;336.145;292.3
CO0313;D664;1.15;CONV;SUM;36.45;31.6957
CO0313;D665;1.15;CONV;SUM;100.27;87.1913
CO0313;D666;1.15;CONV;SUM;108.485;94.3348
CO0313;D667;1.15;CONV;SUM;38.905;33.8304
CO0313;D669;1.15;CONV;SUM;179.985;156.5087
CO0313;D670;1.15;CONV;SUM;160.0;139.1304
CO0313;D672;1.15;CONV;SUM;387.65;337.087
CO0313;D674;1.15;CONV;SUM;230.16;200.1391
CO0313;D675;1.15;CONV;SUM;639.91;556.4435
CO0313;D676;1.15;CONV;SUM;229.25;199.3478
CO0313;D678;1.15;CONV;SUM;21.55;18.7391
CO0313;D679;1.15;CONV;SUM;276.495;240.4304
CO0313;D681;1.15;CONV;SUM;143.745;124.9957
CO0313;D682;1.15;CONV;SUM;83.64;72.7304
CO0313;D705;1.15;CONV;SUM;202.20999999999998;175.8348
CO0313;D710;1.15;CONV;SUM;262.0;227.8261
CO0314;D003;1.15;CONV;SUM;139.37;121.1913
CO0314;D017;1.15;CONV;SUM;495.93;431.2435
CO0314;D063;1.15;CONV;SUM;90.645;78.8217
CO0314;D065;1.15;CONV;SUM;62.25;54.1304
CO0314;D100;1.15;CONV;SUM;1057.41;919.487
CO0314;D102;1.15;CONV;SUM;1247.9;1085.1304
CO0314;D105;1.15;CONV;SUM;3657.14;3180.1217
CO0314;D106;1.15;CONV;SUM;292.55;254.3913
CO0314;D107;1.15;CONV;SUM;1339.585;1164.8565
CO0314;D108;1.15;CONV;SUM;230.55;200.4783
CO0314;D109;1.15;CONV;SUM;68.5;59.5652
CO0314;D110;1.15;CONV;SUM;207.58499999999998;180.5087
CO0314;D114;1.15;CONV;SUM;35.0;30.4348
CO0314;D126;1.15;CONV;SUM;397.21500000000003;345.4043
CO0314;D128;1.15;CONV;SUM;615.1;534.8696
CO0314;D200;1.15;CONV;SUM;673.15;585.3478
CO0314;D201;1.15;CONV;SUM;322.15;280.1304
CO0314;D202;1.15;CONV;SUM;991.735;862.3783
CO0314;D204;1.15;CONV;SUM;583.05;507.0
CO0314;D205;1.15;CONV;SUM;507.555;441.3522
CO0314;D210;1.15;CONV;SUM;622.615;541.4043
CO0314;D212;1.15;CONV;SUM;481.945;419.0826
CO0314;D213;1.15;CONV;SUM;494.2;429.7391
CO0314;D214;1.15;CONV;SUM;134.8;117.2174
CO0314;D220;1.15;CONV;SUM;1204.2350000000001;1047.1609
CO0314;D226;1.15;CONV;SUM;20.59;17.9043
CO0314;D410;1.15;CONV;SUM;1324.92;1152.1043
CO0314;D411;1.15;CONV;SUM;1148.08;998.3304
CO0314;D416;1.15;CONV;SUM;30.0;26.087
CO0314;D424;1.15;CONV;SUM;912.77;793.713
CO0314;D445;1.15;CONV;SUM;599.745;521.5174
CO0314;D464;1.15;CONV;SUM;191.45;166.4783
CO0315;D007;1.15;CONV;SUM;68.4;59.4783
CO0315;D010;1.15;CONV;SUM;114.0;99.1304
CO0315;D102;1.15;CONV;SUM;342.0;297.3913
CO0315;D105;1.15;CONV;SUM;91.2;79.3043
CO0315;D404;1.15;CONV;SUM;36.195;31.4739
CO0315;D405;1.15;CONV;SUM;57.0;49.5652
CO0315;D508;1.15;CONV;SUM;598.5;520.4348
CO0315;D511;1.15;CONV;SUM;45.6;39.6522
CO0315;D635;1.15;CONV;SUM;136.8;118.9565
CO0315;D654;1.15;CONV;SUM;228.0;198.2609
CO0315;D658;1.15;CONV;SUM;456.0;396.5217
CO0315;D700;1.15;CONV;SUM;28.5;24.7826
CO0316;D009;1.15;CONV;SUM;96.58;83.9826
CO0316;D014;1.15;CONV;SUM;145.065;126.1435
CO0316;D022;1.15;CONV;SUM;75.0;65.2174
CO0316;D026;1.15;CONV;SUM;70.275;61.1087
CO0318;D002;1.15;CONV;SUM;282.0759;245.2834
CO0318;D003;1.15;CONV;SUM;102.31500000000001;88.9696
CO0318;D006;1.15;CONV;SUM;218.5608;190.0529
CO0318;D007;1.15;CONV;SUM;167.1012;145.3054
CO0318;D008;1.15;CONV;SUM;475.0038;413.0468
CO0318;D009;1.15;CONV;SUM;175.2408;152.3833
CO0318;D010;1.15;CONV;SUM;70.395;61.213
CO0318;D018;1.15;CONV;SUM;125.4;109.0435
CO0318;D022;1.15;CONV;SUM;68.8218;59.845
CO0318;D026;1.15;CONV;SUM;322.77959999999996;280.6779
CO0318;D100;1.15;CONV;SUM;213.18;185.3739
CO0318;D102;1.15;CONV;SUM;96.9;84.2609
CO0318;D105;1.15;CONV;SUM;259.74899999999997;225.8687
CO0318;D112;1.15;CONV;SUM;35.972699999999996;31.2806
CO0318;D114;1.15;CONV;SUM;94.7283;82.3724
CO0318;D126;1.15;CONV;SUM;94.1868;81.9016
CO0318;D128;1.15;CONV;SUM;62.7;54.5217
CO0318;D143;1.15;CONV;SUM;211.071;183.54
CO0318;D157;1.15;CONV;SUM;159.6;138.7826
CO0318;D201;1.15;CONV;SUM;22.8;19.8261
CO0318;D202;1.15;CONV;SUM;34.2;29.7391
CO0318;D205;1.15;CONV;SUM;285.5985;248.3465
CO0318;D210;1.15;CONV;SUM;157.5993;137.0429
CO0318;D212;1.15;CONV;SUM;127.3038;110.699
CO0318;D222;1.15;CONV;SUM;94.8936;82.5162
CO0318;D226;1.15;CONV;SUM;44.346;38.5617
CO0318;D404;1.15;CONV;SUM;864.9009;752.0877
CO0318;D405;1.15;CONV;SUM;298.13280000000003;259.2459
CO0318;D410;1.15;CONV;SUM;368.3112;320.2706
CO0318;D411;1.15;CONV;SUM;108.3;94.1739
CO0318;D424;1.15;CONV;SUM;187.40460000000002;162.9605
CO0318;D426;1.15;CONV;SUM;85.5;74.3478
CO0318;D435;1.15;CONV;SUM;85.5;74.3478
CO0318;D439;1.15;CONV;SUM;171.0;148.6957
CO0318;D441;1.15;CONV;SUM;376.485;327.3783
CO0318;D442;1.15;CONV;SUM;153.6891;133.6427
CO0318;D462;1.15;CONV;SUM;195.46439999999998;169.969
CO0318;D464;1.15;CONV;SUM;114.0;99.1304
CO0318;D503;1.15;CONV;SUM;166.155;144.4826
CO0318;D508;1.15;CONV;SUM;529.2735;460.2378
CO0318;D511;1.15;CONV;SUM;114.1824;99.289
CO0318;D513;1.15;CONV;SUM;144.894;125.9948
CO0318;D514;1.15;CONV;SUM;27.3087;23.7467
CO0318;D605;1.15;CONV;SUM;276.1422;240.1237
CO0318;D613;1.15;CONV;SUM;385.66200000000003;335.3583
CO0318;D614;1.15;CONV;SUM;111.2526;96.7414
CO0318;D617;1.15;CONV;SUM;158.175;137.5435
CO0318;D620;1.15;CONV;SUM;112.404;97.7426
CO0318;D626;1.15;CONV;SUM;22.9368;19.945
CO0318;D627;1.15;CONV;SUM;156.237;135.8583
CO0318;D631;1.15;CONV;SUM;790.0143;686.969
CO0318;D632;1.15;CONV;SUM;361.6536;314.4814
CO0318;D633;1.15;CONV;SUM;658.6692;572.7558
CO0318;D659;1.15;CONV;SUM;281.1753;244.5003
CO0318;D662;1.15;CONV;SUM;90.6756;78.8483
CO0318;D664;1.15;CONV;SUM;150.708;131.0504
CO0318;D669;1.15;CONV;SUM;116.3142;101.1428
CO0318;D674;1.15;CONV;SUM;187.49009999999998;163.0349
CO0318;D710;1.15;CONV;SUM;74.1;64.4348
CO0408;D705;1.15;AB;AUT;20.0;17.3913
CO0408;D707;1.15;AB;AUT;25.0;21.7391
CO0408;D710;1.15;AB;AUT;5.0;4.3478
CO0410;D664;1.5;AB;SUM;17.556;11.704
CO0410;D679;1.5;AB;SUM;28.0;18.6667
CO0428;D664;1.0;AB;SUM;3.3;3.3
CO0428;D710;1.0;AB;SUM;9.0;9.0
CO0434;D602;1.0;AB;AUT;19.5;19.5
CO0435;D664;1.15;AB;AUT;12.75;11.087
CO0447;D011;1.0;AB;SUM;23.88;23.88
CO0447;D411;1.0;AB;SUM;3.75;3.75
CO0447;D439;1.0;AB;SUM;85.23;85.23
CO0447;D456;1.0;AB;SUM;21.0;21.0
CO0447;D632;1.0;AB;SUM;23.22;23.22
CO0447;D639;1.0;AB;SUM;75.0;75.0
CO0447;D654;1.0;AB;SUM;275.01;275.01
CO0447;D660;1.0;AB;SUM;79.68;79.68
CO0447;D664;1.0;AB;SUM;64.35;64.35
CO0447;D672;1.0;AB;SUM;15.0;15.0
CO0447;D678;1.0;AB;SUM;24.0;24.0
CO0447;D710;1.0;AB;SUM;12.0;12.0
CO0448;D704;1.0;AB;SUM;28.0;28.0
CO0448;D705;1.0;AB;SUM;42.0;42.0
CO0449;D424;1.0;AB;SUM;3.25;3.25
CO0450;D632;1.15;AB;SUM;38.01;33.0522
CO0450;D639;1.15;AB;SUM;94.8;82.4348
CO0450;D654;1.15;AB;SUM;3.6;3.1304
CO0450;D664;1.15;AB;SUM;42.12;36.6261
CO0450;D678;1.15;AB;SUM;45.0;39.1304
CO0450;D704;1.15;AB;SUM;63.0;54.7826
CO0450;D707;1.15;AB;SUM;45.0;39.1304
CO0452;D008;1.15;AB;SUM;15.0;13.0435
CO0452;D015;1.15;AB;SUM;24.0;20.8696
CO0452;D602;1.15;AB;SUM;4.95;4.3043
CO0452;D632;1.15;AB;SUM;24.93;21.6783
CO0452;D707;1.15;AB;SUM;30.0;26.087
CO0454;D066;1.15;AB;SUM;55.0;47.8261
CO0454;D509;1.15;AB;SUM;11.25;9.7826
CO0456;D707;1.5;AB;SUM;28.0;18.6667
CO0459;D049;1.15;AB;AUT;90.0;78.2609
CO0459;D201;1.15;AB;AUT;60.075;52.2391
CO0459;D456;1.15;AB;AUT;23.265;20.2304
CO0459;D602;1.15;AB;AUT;19.44;16.9043
CO0459;D632;1.15;AB;AUT;44.01;38.2696
CO0459;D646;1.15;AB;AUT;29.34;25.513
CO0459;D654;1.15;AB;AUT;63.72;55.4087
CO0459;D660;1.15;AB;AUT;11.25;9.7826
CO0459;D672;1.15;AB;AUT;22.05;19.1739
CO0459;D705;1.15;AB;AUT;22.5;19.5652
CO0459;D710;1.15;AB;AUT;135.0;117.3913
CO0460;D704;1.15;AB;AUT;45.0;39.1304
CO0462;D439;1.0;AB;AUT;3.3;3.3
CO0462;D654;1.0;AB;AUT;37.5;37.5
CO0463;D602;1.15;AB;AUT;12.44;10.8174
CO0463;D646;1.15;AB;AUT;9.21;8.0087
CO0463;D654;1.15;AB;AUT;9.26;8.0522
CO0463;D660;1.15;AB;AUT;8.54;7.4261
CO0463;D704;1.15;AB;AUT;20.0;17.3913
CO0463;D707;1.15;AB;AUT;40.0;34.7826
CO0463;D710;1.15;AB;AUT;15.0;13.0435
CO0464;D705;1.15;AB;AUT;70.0;60.8696
CO0467;D011;1.8;AB;AUT;17.74;9.8556
CO0467;D053;1.8;AB;AUT;32.0;17.7778
CO0467;D201;1.8;AB;AUT;29.4;16.3333
CO0467;D411;1.8;AB;AUT;9.0;5.0
CO0467;D456;1.8;AB;AUT;43.68;24.2667
CO0467;D602;1.8;AB;AUT;69.86;38.8111
CO0467;D632;1.8;AB;AUT;29.0;16.1111
CO0467;D639;1.8;AB;AUT;124.56;69.2
CO0467;D646;1.8;AB;AUT;22.82;12.6778
CO0467;D654;1.8;AB;AUT;52.9;29.3889
CO0467;D660;1.8;AB;AUT;9.5;5.2778
CO0467;D664;1.8;AB;AUT;11.3;6.2778
CO0467;D672;1.8;AB;AUT;38.64;21.4667
CO0467;D678;1.8;AB;AUT;40.0;22.2222
CO0467;D704;1.8;AB;AUT;58.0;32.2222
CO0467;D707;1.8;AB;AUT;30.0;16.6667
CO0467;D710;1.8;AB;AUT;44.0;24.4444
CO0469;D011;1.15;AB;SUM;19.873;17.2809
CO0469;D439;1.15;AB;SUM;3.23;2.8087
CO0469;D456;1.15;AB;SUM;11.56;10.0522
CO0469;D639;1.15;AB;SUM;41.48;36.0696
CO0469;D704;1.15;AB;SUM;7.65;6.6522
CO0470;D201;1.0;AB;SUM;2.345;2.345
CO0470;D439;1.0;AB;SUM;6.5;6.5
CO0470;D456;1.0;AB;SUM;0.94;0.94
CO0470;D629;1.0;AB;SUM;5.5;5.5
CO0470;D654;1.0;AB;SUM;4.575;4.575
CO0470;D664;1.0;AB;SUM;2.52;2.52
CO0470;D704;1.0;AB;SUM;19.0;19.0
CO0471;D654;1.15;AB;AUT;9.33;8.113
CO0471;D672;1.15;AB;AUT;12.43;10.8087
CO0471;D679;1.15;AB;AUT;12.0;10.4348
CO0472;D672;1.0;AB;SUM;9.24;9.24
CO0476;D654;1.0;AB;SUM;16.0;16.0
CO0476;D664;1.0;AB;SUM;3.24;3.24
CO0478;D456;1.15;AB;SUM;8.805;7.6565
CO0478;D629;1.15;AB;SUM;21.0;18.2609
CO0478;D632;1.15;AB;SUM;4.5;3.913
CO0478;D654;1.15;AB;SUM;22.5;19.5652
CO0478;D660;1.15;AB;SUM;10.605;9.2217
CO0478;D704;1.15;AB;SUM;25.5;22.1739
CO0478;D710;1.15;AB;SUM;3.0;2.6087
CO0479;D456;1.0;AB;SUM;14.0;14.0
CO0479;D704;1.0;AB;SUM;16.0;16.0
CO0482;D631;1.15;AB;AUT;43.2;37.5652
CO0482;D654;1.15;AB;AUT;22.5;19.5652
CO0485;D011;1.15;AB;SUM;12.625;10.9783
CO0485;D201;1.15;AB;SUM;13.75;11.9565
CO0485;D439;1.15;AB;SUM;24.5;21.3043
CO0485;D456;1.15;AB;SUM;32.425;28.1957
CO0485;D525;1.15;AB;SUM;45.0;39.1304
CO0485;D632;1.15;AB;SUM;28.5;24.7826
CO0485;D639;1.15;AB;SUM;61.75;53.6957
CO0485;D646;1.15;AB;SUM;52.5;45.6522
CO0485;D654;1.15;AB;SUM;97.5;84.7826
CO0485;D657;1.15;AB;SUM;10.0;8.6957
CO0485;D660;1.15;AB;SUM;14.55;12.6522
CO0485;D664;1.15;AB;SUM;35.1;30.5217
CO0485;D672;1.15;AB;SUM;36.15;31.4348
CO0486;D026;1.0;AB;AUT;25.7;25.7
CO0486;D630;1.0;AB;AUT;9.15;9.15
CO0487;D011;1.0;AB;SUM;15.0;15.0
CO0487;D439;1.0;AB;SUM;28.5;28.5
CO0487;D456;1.0;AB;SUM;7.935;7.935
CO0487;D639;1.0;AB;SUM;42.27;42.27
CO0487;D660;1.0;AB;SUM;12.915;12.915
CO0490;D011;1.0;AB;AUT;10.53;10.53
CO0490;D439;1.0;AB;AUT;3.6;3.6
CO0490;D630;1.0;AB;AUT;9.36;9.36
CO0490;D710;1.0;AB;AUT;4.8;4.8
CO0491;D439;1.0;AB;AUT;19.26;19.26
CO0491;D639;1.0;AB;AUT;52.5;52.5
CO0492;D108;1.0;AB;AUT;11.0;11.0
CO0497;D439;1.15;AB;SUM;10.0;8.6957
CO0501;D008;1.5;CONV;SUM;28.3;18.8667
CO0501;D014;1.5;CONV;SUM;79.265;52.8433
CO0501;D015;1.5;CONV;SUM;13.8;9.2
CO0501;D021;1.5;CONV;SUM;42.975;28.65
CO0501;D053;1.5;CONV;SUM;1473.67;982.4467
CO0501;D054;1.5;CONV;SUM;35.0;23.3333
CO0501;D110;1.5;CONV;SUM;14.25;9.5
CO0501;D435;1.5;CONV;SUM;4.5;3.0
CO0501;D439;1.5;CONV;SUM;56.25;37.5
CO0501;D514;1.5;CONV;SUM;22.695;15.13
CO0501;D517;1.5;CONV;SUM;242.185;161.4567
CO0501;D519;1.5;CONV;SUM;66.6;44.4
CO0501;D520;1.5;CONV;SUM;42.5;28.3333
CO0501;D525;1.5;CONV;SUM;90.2;60.1333
CO0501;D600;1.5;CONV;SUM;55.85;37.2333
CO0501;D602;1.5;CONV;SUM;98.92;65.9467
CO0501;D606;1.5;CONV;SUM;29.605;19.7367
CO0501;D611;1.5;CONV;SUM;85.425;56.95
CO0501;D627;1.5;CONV;SUM;214.325;142.8833
CO0501;D628;1.5;CONV;SUM;139.315;92.8767
CO0501;D629;1.5;CONV;SUM;1099.5;733.0
CO0501;D631;1.5;CONV;SUM;85.45;56.9667
CO0501;D633;1.5;CONV;SUM;22.3;14.8667
CO0501;D638;1.5;CONV;SUM;262.38;174.92
CO0501;D639;1.5;CONV;SUM;340.21000000000004;226.8067
CO0501;D644;1.5;CONV;SUM;45.0;30.0
CO0501;D660;1.5;CONV;SUM;12.65;8.4333
CO0501;D673;1.5;CONV;SUM;90.5;60.3333
CO0501;D676;1.5;CONV;SUM;6.8;4.5333
CO0501;D677;1.5;CONV;SUM;141.075;94.05
CO0501;D679;1.5;CONV;SUM;181.905;121.27
CO0501;D700;1.5;CONV;SUM;679.935;453.29
CO0501;D702;1.5;CONV;SUM;16.44;10.96
CO0501;D704;1.5;CONV;SUM;52.38;34.92
CO0501;D705;1.5;CONV;SUM;453.465;302.31
CO0501;D706;1.5;CONV;SUM;61.0;40.6667
CO0501;D707;1.5;CONV;SUM;271.97;181.3133
CO0501;D708;1.5;CONV;SUM;398.28499999999997;265.5233
CO0501;D709;1.5;CONV;SUM;381.24;254.16
CO0501;D710;1.5;CONV;SUM;416.15;277.4333
CO0501;D711;1.5;CONV;SUM;58.09;38.7267
CO0501;D726;1.5;CONV;SUM;25.0;16.6667
CO0501;D742;1.5;CONV;SUM;654.365;436.2433
CO0502;D011;1.5;CONV;SUM;75.0;50.0
CO0502;D021;1.5;CONV;SUM;90.64999999999999;60.4333
CO0502;D044;1.5;CONV;SUM;137.5;91.6667
CO0502;D053;1.5;CONV;SUM;139.0;92.6667
CO0502;D063;1.5;CONV;SUM;2.9;1.9333
CO0502;D128;1.5;CONV;SUM;156.05;104.0333
CO0502;D200;1.5;CONV;SUM;101.15;67.4333
CO0502;D201;1.5;CONV;SUM;30.0;20.0
CO0502;D202;1.5;CONV;SUM;43.1;28.7333
CO0502;D210;1.5;CONV;SUM;43.05;28.7
CO0502;D216;1.5;CONV;SUM;59.5;39.6667
CO0502;D286;1.5;CONV;SUM;140.9;93.9333
CO0502;D402;1.5;CONV;SUM;40.0;26.6667
CO0502;D411;1.5;CONV;SUM;22.3;14.8667
CO0502;D501;1.5;CONV;SUM;510.0;340.0
CO0502;D508;1.5;CONV;SUM;10.1;6.7333
CO0502;D509;1.5;CONV;SUM;25.0;16.6667
CO0502;D511;1.5;CONV;SUM;32.0;21.3333
CO0502;D512;1.5;CONV;SUM;29.2;19.4667
CO0502;D514;1.5;CONV;SUM;139.25;92.8333
CO0502;D517;1.5;CONV;SUM;549.75;366.5
CO0502;D519;1.5;CONV;SUM;7.55;5.0333
CO0502;D520;1.5;CONV;SUM;112.5;75.0
CO0502;D625;1.5;CONV;SUM;82.25;54.8333
CO0502;D629;1.5;CONV;SUM;354.05;236.0333
CO0502;D633;1.5;CONV;SUM;101.05;67.3667
CO0502;D639;1.5;CONV;SUM;379.5;253.0
CO0502;D644;1.5;CONV;SUM;10.65;7.1
CO0502;D645;1.5;CONV;SUM;10.0;6.6667
CO0502;D667;1.5;CONV;SUM;17.35;11.5667
CO0502;D669;1.5;CONV;SUM;23.35;15.5667
CO0502;D677;1.5;CONV;SUM;9.7;6.4667
CO0502;D678;1.5;CONV;SUM;210.9;140.6
CO0502;D679;1.5;CONV;SUM;237.75;158.5
CO0502;D700;1.5;CONV;SUM;85.0;56.6667
CO0502;D705;1.5;CONV;SUM;35.0;23.3333
CO0502;D707;1.5;CONV;SUM;15.0;10.0
CO0502;D708;1.5;CONV;SUM;150.0;100.0
CO0502;D709;1.5;CONV;SUM;25.0;16.6667
CO0502;D710;1.5;CONV;SUM;10.0;6.6667
CO0502;D711;1.5;CONV;SUM;175.0;116.6667
CO0601;D001;1.15;CONV;AUT;763.12;663.5826
CO0601;D003;1.15;CONV;AUT;1794.08;1560.0696
CO0601;D006;1.15;CONV;AUT;476.08;413.9826
CO0601;D007;1.15;CONV;AUT;557.44;484.7304
CO0601;D008;1.15;CONV;AUT;434.1;377.4783
CO0601;D009;1.15;CONV;AUT;328.71999999999997;285.8435
CO0601;D010;1.15;CONV;AUT;652.4;567.3043
CO0601;D011;1.15;CONV;AUT;320.0;278.2609
CO0601;D012;1.15;CONV;AUT;1296.6399999999999;1127.513
CO0601;D013;1.15;CONV;AUT;3497.72;3041.4957
CO0601;D014;1.15;CONV;AUT;1955.44;1700.3826
CO0601;D015;1.15;CONV;AUT;2793.2;2428.8696
CO0601;D016;1.15;CONV;AUT;2245.92;1952.9739
CO0601;D017;1.15;CONV;AUT;692.96;602.5739
CO0601;D018;1.15;CONV;AUT;440.0;382.6087
CO0601;D019;1.15;CONV;AUT;2359.42;2051.6696
CO0601;D020;1.15;CONV;AUT;236.08;205.287
CO0601;D021;1.15;CONV;AUT;799.44;695.1652
CO0601;D022;1.15;CONV;AUT;84.32;73.3217
CO0601;D026;1.15;CONV;AUT;2818.94;2451.2522
CO0601;D029;1.15;CONV;AUT;476.24;414.1217
CO0601;D031;1.15;CONV;AUT;5522.98;4802.5913
CO0601;D032;1.15;CONV;AUT;1258.8;1094.6087
CO0601;D033;1.15;CONV;AUT;791.54;688.2957
CO0601;D034;1.15;CONV;AUT;999.2;868.8696
CO0601;D037;1.15;CONV;AUT;518.3199999999999;450.713
CO0601;D038;1.15;CONV;AUT;567.48;493.4609
CO0601;D040;1.15;CONV;AUT;1016.0;883.4783
CO0601;D041;1.15;CONV;AUT;1934.28;1681.9826
CO0601;D044;1.15;CONV;AUT;1057.52;919.5826
CO0601;D046;1.15;CONV;AUT;20.0;17.3913
CO0601;D049;1.15;CONV;AUT;5632.86;4898.1391
CO0601;D052;1.15;CONV;AUT;824.86;717.2696
CO0601;D053;1.15;CONV;AUT;3772.32;3280.2783
CO0601;D054;1.15;CONV;AUT;63.28;55.0261
CO0601;D056;1.15;CONV;AUT;1715.88;1492.0696
CO0601;D059;1.15;CONV;AUT;612.16;532.313
CO0601;D062;1.15;CONV;AUT;755.76;657.1826
CO0601;D063;1.15;CONV;AUT;837.74;728.4696
CO0601;D065;1.15;CONV;AUT;1377.04;1197.4261
CO0601;D066;1.15;CONV;AUT;240.0;208.6957
CO0601;D067;1.15;CONV;AUT;160.94;139.9478
CO0601;D068;1.15;CONV;AUT;1584.0;1377.3913
CO0601;D074;1.15;CONV;AUT;1558.0;1354.7826
CO0601;D077;1.15;CONV;AUT;1475.04;1282.6435
CO0601;D087;1.15;CONV;AUT;840.24;730.6435
CO0601;D092;1.15;CONV;AUT;416.52;362.1913
CO0601;D097;1.15;CONV;AUT;485.84;422.4696
CO0601;D098;1.15;CONV;AUT;56.0;48.6957
CO0601;D100;1.15;CONV;AUT;2390.84;2078.9913
CO0601;D102;1.15;CONV;AUT;2093.12;1820.1043
CO0601;D104;1.15;CONV;AUT;2195.46;1909.0957
CO0601;D105;1.15;CONV;AUT;2250.48;1956.9391
CO0601;D106;1.15;CONV;AUT;2072.32;1802.0174
CO0601;D107;1.15;CONV;AUT;2229.8;1938.9565
CO0601;D108;1.15;CONV;AUT;1810.0;1573.913
CO0601;D109;1.15;CONV;AUT;1288.0;1120.0
CO0601;D110;1.15;CONV;AUT;607.1999999999999;528.0
CO0601;D111;1.15;CONV;AUT;2549.18;2216.6783
CO0601;D112;1.15;CONV;AUT;1981.74;1723.2522
CO0601;D114;1.15;CONV;AUT;1210.48;1052.5913
CO0601;D115;1.15;CONV;AUT;917.6;797.913
CO0601;D116;1.15;CONV;AUT;2344.78;2038.9391
CO0601;D119;1.15;CONV;AUT;1696.52;1475.2348
CO0601;D126;1.15;CONV;AUT;1056.86;919.0087
CO0601;D128;1.15;CONV;AUT;1876.6200000000001;1631.8435
CO0601;D143;1.15;CONV;AUT;4037.46;3510.8348
CO0601;D150;1.15;CONV;AUT;1811.3400000000001;1575.0783
CO0601;D157;1.15;CONV;AUT;40.0;34.7826
CO0601;D200;1.15;CONV;AUT;2587.44;2249.9478
CO0601;D201;1.15;CONV;AUT;2357.1;2049.6522
CO0601;D202;1.15;CONV;AUT;3084.8;2682.4348
CO0601;D204;1.15;CONV;AUT;4247.84;3693.7739
CO0601;D205;1.15;CONV;AUT;2395.82;2083.3217
CO0601;D209;1.15;CONV;AUT;905.68;787.5478
CO0601;D210;1.15;CONV;AUT;3011.04;2618.2957
CO0601;D212;1.15;CONV;AUT;1914.24;1664.5565
CO0601;D213;1.15;CONV;AUT;1428.4;1242.087
CO0601;D214;1.15;CONV;AUT;3231.24;2809.7739
CO0601;D216;1.15;CONV;AUT;4082.12;3549.6696
CO0601;D217;1.15;CONV;AUT;3689.98;3208.6783
CO0601;D218;1.15;CONV;AUT;1511.84;1314.6435
CO0601;D220;1.15;CONV;AUT;3936.88;3423.3739
CO0601;D222;1.15;CONV;AUT;3603.62;3133.5826
CO0601;D223;1.15;CONV;AUT;673.6800000000001;585.8087
CO0601;D225;1.15;CONV;AUT;97.76;85.0087
CO0601;D226;1.15;CONV;AUT;188.0;163.4783
CO0601;D228;1.15;CONV;AUT;369.34;321.1652
CO0601;D270;1.15;CONV;AUT;344.64;299.687
CO0601;D272;1.15;CONV;AUT;513.24;446.2957
CO0601;D281;1.15;CONV;AUT;211.36;183.7913
CO0601;D282;1.15;CONV;AUT;160.0;139.1304
CO0601;D283;1.15;CONV;AUT;344.72;299.7565
CO0601;D286;1.15;CONV;AUT;740.0;643.4783
CO0601;D300;1.15;CONV;AUT;1600.0;1391.3043
CO0601;D302;1.15;CONV;AUT;448.0;389.5652
CO0601;D306;1.15;CONV;AUT;917.6;797.913
CO0601;D402;1.15;CONV;AUT;433.1;376.6087
CO0601;D404;1.15;CONV;AUT;217.92000000000002;189.4957
CO0601;D405;1.15;CONV;AUT;930.48;809.113
CO0601;D410;1.15;CONV;AUT;10.48;9.113
CO0601;D411;1.15;CONV;AUT;2810.32;2443.7565
CO0601;D416;1.15;CONV;AUT;5239.76;4556.313
CO0601;D418;1.15;CONV;AUT;1297.0;1127.8261
CO0601;D419;1.15;CONV;AUT;24.0;20.8696
CO0601;D424;1.15;CONV;AUT;1012.48;880.4174
CO0601;D426;1.15;CONV;AUT;41.04;35.687
CO0601;D435;1.15;CONV;AUT;1251.28;1088.0696
CO0601;D439;1.15;CONV;AUT;2291.16;1992.313
CO0601;D440;1.15;CONV;AUT;2882.42;2506.4522
CO0601;D441;1.15;CONV;AUT;2302.18;2001.8957
CO0601;D442;1.15;CONV;AUT;2889.54;2512.6435
CO0601;D445;1.15;CONV;AUT;3928.08;3415.7217
CO0601;D456;1.15;CONV;AUT;3652.2;3175.8261
CO0601;D462;1.15;CONV;AUT;2936.2;2553.2174
CO0601;D464;1.15;CONV;AUT;2550.88;2218.1565
CO0601;D472;1.15;CONV;AUT;660.08;573.9826
CO0601;D476;1.15;CONV;AUT;516.0;448.6957
CO0601;D490;1.15;CONV;AUT;824.54;716.9913
CO0601;D501;1.15;CONV;AUT;1441.2;1253.2174
CO0601;D503;1.15;CONV;AUT;879.76;765.0087
CO0601;D507;1.15;CONV;AUT;904.0;786.087
CO0601;D508;1.15;CONV;AUT;5508.94;4790.3826
CO0601;D509;1.15;CONV;AUT;414.4;360.3478
CO0601;D511;1.15;CONV;AUT;819.36;712.487
CO0601;D512;1.15;CONV;AUT;2818.2;2450.6087
CO0601;D513;1.15;CONV;AUT;351.20000000000005;305.3913
CO0601;D514;1.15;CONV;AUT;1406.74;1223.2522
CO0601;D517;1.15;CONV;AUT;414.88;360.7652
CO0601;D519;1.15;CONV;AUT;1710.92;1487.7565
CO0601;D520;1.15;CONV;AUT;3583.2;3115.8261
CO0601;D524;1.15;CONV;AUT;80.0;69.5652
CO0601;D525;1.15;CONV;AUT;964.4000000000001;838.6087
CO0601;D601;1.15;CONV;AUT;25.68;22.3304
CO0601;D602;1.15;CONV;AUT;1661.96;1445.1826
CO0601;D603;1.15;CONV;AUT;2077.02;1806.1043
CO0601;D604;1.15;CONV;AUT;822.0;714.7826
CO0601;D605;1.15;CONV;AUT;1862.6200000000001;1619.6696
CO0601;D606;1.15;CONV;AUT;625.4;543.8261
CO0601;D608;1.15;CONV;AUT;1276.26;1109.7913
CO0601;D609;1.15;CONV;AUT;2829.38;2460.3304
CO0601;D610;1.15;CONV;AUT;3207.2599999999998;2788.9217
CO0601;D611;1.15;CONV;AUT;670.1800000000001;582.7652
CO0601;D612;1.15;CONV;AUT;1010.06;878.313
CO0601;D613;1.15;CONV;AUT;253.36;220.313
CO0601;D614;1.15;CONV;AUT;954.86;830.313
CO0601;D615;1.15;CONV;AUT;585.76;509.3565
CO0601;D616;1.15;CONV;AUT;649.12;564.4522
CO0601;D617;1.15;CONV;AUT;803.52;698.713
CO0601;D620;1.15;CONV;AUT;3614.1;3142.6957
CO0601;D621;1.15;CONV;AUT;594.64;517.0783
CO0601;D622;1.15;CONV;AUT;1448.0;1259.1304
CO0601;D624;1.15;CONV;AUT;944.4;821.2174
CO0601;D625;1.15;CONV;AUT;1276.8;1110.2609
CO0601;D626;1.15;CONV;AUT;91.03999999999999;79.1652
CO0601;D627;1.15;CONV;AUT;592.24;514.9913
CO0601;D628;1.15;CONV;AUT;1494.8;1299.8261
CO0601;D629;1.15;CONV;AUT;986.64;857.9478
CO0601;D631;1.15;CONV;AUT;117.52;102.1913
CO0601;D632;1.15;CONV;AUT;713.8399999999999;620.7304
CO0601;D633;1.15;CONV;AUT;529.84;460.7304
CO0601;D638;1.15;CONV;AUT;3032.78;2637.2
CO0601;D639;1.15;CONV;AUT;2436.96;2119.0957
CO0601;D641;1.15;CONV;AUT;3499.42;3042.9739
CO0601;D642;1.15;CONV;AUT;1092.24;949.7739
CO0601;D643;1.15;CONV;AUT;3117.136;2710.553
CO0601;D644;1.15;CONV;AUT;832.96;724.313
CO0601;D645;1.15;CONV;AUT;592.88;515.5478
CO0601;D646;1.15;CONV;AUT;274.56;238.7478
CO0601;D649;1.15;CONV;AUT;1608.86;1399.0087
CO0601;D651;1.15;CONV;AUT;3481.92;3027.7565
CO0601;D652;1.15;CONV;AUT;883.76;768.487
CO0601;D653;1.15;CONV;AUT;281.06;244.4
CO0601;D657;1.15;CONV;AUT;1280.96;1113.8783
CO0601;D659;1.15;CONV;AUT;192.72;167.5826
CO0601;D660;1.15;CONV;AUT;1023.76;890.2261
CO0601;D661;1.15;CONV;AUT;1128.84;981.6
CO0601;D662;1.15;CONV;AUT;688.96;599.0957
CO0601;D663;1.15;CONV;AUT;120.0;104.3478
CO0601;D664;1.15;CONV;AUT;580.88;505.113
CO0601;D665;1.15;CONV;AUT;1141.2;992.3478
CO0601;D666;1.15;CONV;AUT;1036.52;901.3217
CO0601;D667;1.15;CONV;AUT;245.04;213.0783
CO0601;D669;1.15;CONV;AUT;952.1;827.913
CO0601;D670;1.15;CONV;AUT;1503.76;1307.6174
CO0601;D671;1.15;CONV;AUT;483.92;420.8
CO0601;D672;1.15;CONV;AUT;450.48;391.7217
CO0601;D673;1.15;CONV;AUT;53.76;46.7478
CO0601;D674;1.15;CONV;AUT;645.6800000000001;561.4609
CO0601;D675;1.15;CONV;AUT;2213.7799999999997;1925.0261
CO0601;D676;1.15;CONV;AUT;1829.88;1591.2
CO0601;D677;1.15;CONV;AUT;3455.06;3004.4
CO0601;D678;1.15;CONV;AUT;904.56;786.5739
CO0601;D679;1.15;CONV;AUT;2356.4;2049.0435
CO0601;D680;1.15;CONV;AUT;255.52;222.1913
CO0601;D681;1.15;CONV;AUT;558.88;485.9826
CO0601;D682;1.15;CONV;AUT;927.56;806.5739
CO0601;D700;1.15;CONV;AUT;2199.04;1912.2087
CO0601;D701;1.15;CONV;AUT;160.0;139.1304
CO0601;D702;1.15;CONV;AUT;120.0;104.3478
CO0601;D703;1.15;CONV;AUT;112.0;97.3913
CO0601;D704;1.15;CONV;AUT;1600.0;1391.3043
CO0601;D705;1.15;CONV;AUT;2338.48;2033.4609
CO0601;D706;1.15;CONV;AUT;80.0;69.5652
CO0601;D707;1.15;CONV;AUT;688.0;598.2609
CO0601;D708;1.15;CONV;AUT;560.0;486.9565
CO0601;D710;1.15;CONV;AUT;424.0;368.6957
CO0601;D711;1.15;CONV;AUT;48.0;41.7391
CO0601;D726;1.15;CONV;AUT;160.0;139.1304
CO0604;D012;1.15;CONV;AUT;206.21;179.313
CO0604;D013;1.15;CONV;AUT;502.435;436.9
CO0604;D014;1.15;CONV;AUT;192.95;167.7826
CO0604;D018;1.15;CONV;AUT;200.685;174.5087
CO0604;D019;1.15;CONV;AUT;7.4035;6.4378
CO0604;D031;1.15;CONV;AUT;434.435;377.7696
CO0604;D038;1.15;CONV;AUT;56.015;48.7087
CO0604;D049;1.15;CONV;AUT;169.49;147.3826
CO0604;D068;1.15;CONV;AUT;306.0;266.087
CO0604;D102;1.15;CONV;AUT;230.51999999999998;200.4522
CO0604;D112;1.15;CONV;AUT;131.886;114.6835
CO0604;D212;1.15;CONV;AUT;132.617;115.3191
CO0604;D411;1.15;CONV;AUT;1854.173;1612.3243
CO0604;D445;1.15;CONV;AUT;879.546;764.8226
CO0604;D512;1.15;CONV;AUT;1010.5649999999999;878.7522
CO0604;D603;1.15;CONV;AUT;128.9365;112.1187
CO0606;D643;1.15;CONV;AUT;656.84;571.1652
CO0612;D216;1.15;CONV;AUT;396.692;344.9496
CO0624;D116;1.15;CONV;AUT;37.32;32.4522
CO0624;D439;1.15;CONV;AUT;40.296;35.04
CO0630;D056;1.15;CONV;AUT;148.052;128.7409
CO0630;D216;1.15;CONV;AUT;35.6;30.9565
CO0630;D222;1.15;CONV;AUT;53.848;46.8243
CO0630;D410;1.15;CONV;AUT;187.952;163.4365
CO0630;D411;1.15;CONV;AUT;184.82;160.713
CO0700;D001;1.15;CONV;SUM;39.21;34.0957
CO0700;D006;1.15;CONV;SUM;107.25;93.2609
CO0700;D007;1.15;CONV;SUM;114.78;99.8087
CO0700;D008;1.15;CONV;SUM;436.89;379.9043
CO0700;D009;1.15;CONV;SUM;508.56;442.2261
CO0700;D012;1.15;CONV;SUM;226.01999999999998;196.5391
CO0700;D013;1.15;CONV;SUM;303.0;263.4783
CO0700;D014;1.15;CONV;SUM;168.51;146.5304
CO0700;D015;1.15;CONV;SUM;86.78999999999999;75.4696
CO0700;D017;1.15;CONV;SUM;11.76;10.2261
CO0700;D018;1.15;CONV;SUM;78.0;67.8261
CO0700;D019;1.15;CONV;SUM;978.09;850.513
CO0700;D020;1.15;CONV;SUM;75.39;65.5565
CO0700;D021;1.15;CONV;SUM;313.47;272.5826
CO0700;D022;1.15;CONV;SUM;105.0;91.3043
CO0700;D026;1.15;CONV;SUM;808.3199999999999;702.887
CO0700;D031;1.15;CONV;SUM;387.99;337.3826
CO0700;D032;1.15;CONV;SUM;113.42999999999999;98.6348
CO0700;D033;1.15;CONV;SUM;118.47;103.0174
CO0700;D034;1.15;CONV;SUM;30.0;26.087
CO0700;D037;1.15;CONV;SUM;132.0;114.7826
CO0700;D038;1.15;CONV;SUM;0.03;0.0261
CO0700;D041;1.15;CONV;SUM;242.61;210.9652
CO0700;D044;1.15;CONV;SUM;475.35;413.3478
CO0700;D049;1.15;CONV;SUM;247.65;215.3478
CO0700;D051;1.15;CONV;SUM;43.05;37.4348
CO0700;D052;1.15;CONV;SUM;211.86;184.2261
CO0700;D053;1.15;CONV;SUM;469.5;408.2609
CO0700;D054;1.15;CONV;SUM;300.87;261.6261
CO0700;D056;1.15;CONV;SUM;229.38;199.4609
CO0700;D059;1.15;CONV;SUM;75.36;65.5304
CO0700;D062;1.15;CONV;SUM;27.0;23.4783
CO0700;D065;1.15;CONV;SUM;13.5;11.7391
CO0700;D066;1.15;CONV;SUM;33.0;28.6957
CO0700;D067;1.15;CONV;SUM;90.50999999999999;78.7043
CO0700;D068;1.15;CONV;SUM;265.5;230.8696
CO0700;D087;1.15;CONV;SUM;42.0;36.5217
CO0700;D100;1.15;CONV;SUM;218.16;189.7043
CO0700;D102;1.15;CONV;SUM;369.09000000000003;320.9478
CO0700;D104;1.15;CONV;SUM;457.17;397.5391
CO0700;D105;1.15;CONV;SUM;152.19;132.3391
CO0700;D106;1.15;CONV;SUM;90.0;78.2609
CO0700;D107;1.15;CONV;SUM;42.3;36.7826
CO0700;D108;1.15;CONV;SUM;63.0;54.7826
CO0700;D109;1.15;CONV;SUM;133.86;116.4
CO0700;D110;1.15;CONV;SUM;114.33000000000001;99.4174
CO0700;D111;1.15;CONV;SUM;155.19;134.9478
CO0700;D112;1.15;CONV;SUM;506.52;440.4522
CO0700;D114;1.15;CONV;SUM;174.75;151.9565
CO0700;D115;1.15;CONV;SUM;98.58000000000001;85.7217
CO0700;D116;1.15;CONV;SUM;431.85;375.5217
CO0700;D119;1.15;CONV;SUM;131.85;114.6522
CO0700;D126;1.15;CONV;SUM;361.95;314.7391
CO0700;D128;1.15;CONV;SUM;424.14;368.8174
CO0700;D143;1.15;CONV;SUM;276.12;240.1043
CO0700;D157;1.15;CONV;SUM;196.82999999999998;171.1565
CO0700;D200;1.15;CONV;SUM;210.81;183.313
CO0700;D201;1.15;CONV;SUM;392.76;341.5304
CO0700;D202;1.15;CONV;SUM;264.0;229.5652
CO0700;D204;1.15;CONV;SUM;279.48;243.0261
CO0700;D205;1.15;CONV;SUM;176.76;153.7043
CO0700;D209;1.15;CONV;SUM;260.43;226.4609
CO0700;D210;1.15;CONV;SUM;72.84;63.3391
CO0700;D212;1.15;CONV;SUM;151.17000000000002;131.4522
CO0700;D213;1.15;CONV;SUM;276.87;240.7565
CO0700;D214;1.15;CONV;SUM;140.07;121.8
CO0700;D216;1.15;CONV;SUM;43.23;37.5913
CO0700;D217;1.15;CONV;SUM;453.03000000000003;393.9391
CO0700;D220;1.15;CONV;SUM;543.15;472.3043
CO0700;D222;1.15;CONV;SUM;174.39000000000001;151.6435
CO0700;D223;1.15;CONV;SUM;27.0;23.4783
CO0700;D226;1.15;CONV;SUM;67.5;58.6957
CO0700;D271;1.15;CONV;SUM;19.95;17.3478
CO0700;D272;1.15;CONV;SUM;330.81;287.6609
CO0700;D281;1.15;CONV;SUM;70.02;60.887
CO0700;D283;1.15;CONV;SUM;153.03;133.0696
CO0700;D286;1.15;CONV;SUM;125.03999999999999;108.7304
CO0700;D287;1.15;CONV;SUM;90.0;78.2609
CO0700;D300;1.15;CONV;SUM;117.72;102.3652
CO0700;D402;1.15;CONV;SUM;83.46000000000001;72.5739
CO0700;D404;1.15;CONV;SUM;42.480000000000004;36.9391
CO0700;D405;1.15;CONV;SUM;314.64;273.6
CO0700;D411;1.15;CONV;SUM;818.19;711.4696
CO0700;D416;1.15;CONV;SUM;148.5;129.1304
CO0700;D418;1.15;CONV;SUM;60.57;52.6696
CO0700;D419;1.15;CONV;SUM;89.88;78.1565
CO0700;D424;1.15;CONV;SUM;396.6;344.8696
CO0700;D426;1.15;CONV;SUM;251.64;218.8174
CO0700;D435;1.15;CONV;SUM;247.29;215.0348
CO0700;D439;1.15;CONV;SUM;234.09;203.5565
CO0700;D440;1.15;CONV;SUM;55.62;48.3652
CO0700;D441;1.15;CONV;SUM;209.16;181.8783
CO0700;D442;1.15;CONV;SUM;217.35000000000002;189.0
CO0700;D445;1.15;CONV;SUM;402.54;350.0348
CO0700;D456;1.15;CONV;SUM;473.82;412.0174
CO0700;D462;1.15;CONV;SUM;69.57;60.4957
CO0700;D464;1.15;CONV;SUM;149.57999999999998;130.0696
CO0700;D472;1.15;CONV;SUM;254.1;220.9565
CO0700;D490;1.15;CONV;SUM;217.98000000000002;189.5478
CO0700;D501;1.15;CONV;SUM;70.2;61.0435
CO0700;D503;1.15;CONV;SUM;509.52;443.0609
CO0700;D507;1.15;CONV;SUM;45.0;39.1304
CO0700;D508;1.15;CONV;SUM;1254.8700000000001;1091.1913
CO0700;D509;1.15;CONV;SUM;71.4;62.087
CO0700;D511;1.15;CONV;SUM;60.0;52.1739
CO0700;D512;1.15;CONV;SUM;265.35;230.7391
CO0700;D513;1.15;CONV;SUM;52.71;45.8348
CO0700;D514;1.15;CONV;SUM;337.38;293.3739
CO0700;D517;1.15;CONV;SUM;423.53999999999996;368.2957
CO0700;D519;1.15;CONV;SUM;389.01;338.2696
CO0700;D520;1.15;CONV;SUM;368.58000000000004;320.5043
CO0700;D524;1.15;CONV;SUM;147.03;127.8522
CO0700;D525;1.15;CONV;SUM;555.3299999999999;482.8957
CO0700;D601;1.15;CONV;SUM;157.74;137.1652
CO0700;D602;1.15;CONV;SUM;1058.85;920.7391
CO0700;D603;1.15;CONV;SUM;812.34;706.3826
CO0700;D604;1.15;CONV;SUM;125.19;108.8609
CO0700;D605;1.15;CONV;SUM;805.26;700.2261
CO0700;D606;1.15;CONV;SUM;182.25;158.4783
CO0700;D608;1.15;CONV;SUM;790.59;687.4696
CO0700;D609;1.15;CONV;SUM;1356.3000000000002;1179.3913
CO0700;D610;1.15;CONV;SUM;1039.2;903.6522
CO0700;D611;1.15;CONV;SUM;143.88;125.113
CO0700;D612;1.15;CONV;SUM;956.97;832.1478
CO0700;D613;1.15;CONV;SUM;966.72;840.6261
CO0700;D614;1.15;CONV;SUM;257.88;224.2435
CO0700;D615;1.15;CONV;SUM;560.97;487.8
CO0700;D616;1.15;CONV;SUM;619.8;538.9565
CO0700;D617;1.15;CONV;SUM;545.1;474.0
CO0700;D618;1.15;CONV;SUM;90.81;78.9652
CO0700;D620;1.15;CONV;SUM;680.22;591.4957
CO0700;D621;1.15;CONV;SUM;806.01;700.8783
CO0700;D622;1.15;CONV;SUM;943.53;820.4609
CO0700;D624;1.15;CONV;SUM;429.78;373.7217
CO0700;D625;1.15;CONV;SUM;373.71000000000004;324.9652
CO0700;D626;1.15;CONV;SUM;283.53;246.5478
CO0700;D627;1.15;CONV;SUM;204.21;177.5739
CO0700;D628;1.15;CONV;SUM;907.29;788.9478
CO0700;D629;1.15;CONV;SUM;326.61;284.0087
CO0700;D631;1.15;CONV;SUM;94.23;81.9391
CO0700;D632;1.15;CONV;SUM;357.18;310.5913
CO0700;D633;1.15;CONV;SUM;416.31;362.0087
CO0700;D635;1.15;CONV;SUM;121.14;105.3391
CO0700;D637;1.15;CONV;SUM;131.46;114.313
CO0700;D638;1.15;CONV;SUM;460.5;400.4348
CO0700;D639;1.15;CONV;SUM;274.16999999999996;238.4087
CO0700;D641;1.15;CONV;SUM;471.87;410.3217
CO0700;D642;1.15;CONV;SUM;863.46;750.8348
CO0700;D643;1.15;CONV;SUM;1439.7;1251.913
CO0700;D644;1.15;CONV;SUM;977.0699999999999;849.6261
CO0700;D645;1.15;CONV;SUM;637.23;554.113
CO0700;D646;1.15;CONV;SUM;90.84;78.9913
CO0700;D647;1.15;CONV;SUM;376.2;327.1304
CO0700;D648;1.15;CONV;SUM;42.0;36.5217
CO0700;D649;1.15;CONV;SUM;258.66;224.9217
CO0700;D651;1.15;CONV;SUM;515.19;447.9913
CO0700;D652;1.15;CONV;SUM;227.49;197.8174
CO0700;D653;1.15;CONV;SUM;591.63;514.4609
CO0700;D654;1.15;CONV;SUM;174.06;151.3565
CO0700;D656;1.15;CONV;SUM;291.09000000000003;253.1217
CO0700;D657;1.15;CONV;SUM;735.75;639.7826
CO0700;D658;1.15;CONV;SUM;328.11;285.313
CO0700;D659;1.15;CONV;SUM;586.62;510.1043
CO0700;D660;1.15;CONV;SUM;538.14;467.9478
CO0700;D661;1.15;CONV;SUM;857.31;745.487
CO0700;D662;1.15;CONV;SUM;331.68;288.4174
CO0700;D663;1.15;CONV;SUM;105.0;91.3043
CO0700;D664;1.15;CONV;SUM;530.5799999999999;461.3739
CO0700;D665;1.15;CONV;SUM;166.38;144.6783
CO0700;D666;1.15;CONV;SUM;834.39;725.5565
CO0700;D667;1.15;CONV;SUM;194.91;169.487
CO0700;D669;1.15;CONV;SUM;595.4399999999999;517.7739
CO0700;D670;1.15;CONV;SUM;703.38;611.6348
CO0700;D671;1.15;CONV;SUM;141.96;123.4435
CO0700;D672;1.15;CONV;SUM;41.88;36.4174
CO0700;D673;1.15;CONV;SUM;98.49;85.6435
CO0700;D674;1.15;CONV;SUM;1529.82;1330.2783
CO0700;D675;1.15;CONV;SUM;289.35;251.6087
CO0700;D676;1.15;CONV;SUM;1276.6200000000001;1110.1043
CO0700;D677;1.15;CONV;SUM;896.22;779.3217
CO0700;D678;1.15;CONV;SUM;144.0;125.2174
CO0700;D679;1.15;CONV;SUM;179.94;156.4696
CO0700;D680;1.15;CONV;SUM;140.76;122.4
CO0700;D681;1.15;CONV;SUM;478.41;416.0087
CO0700;D682;1.15;CONV;SUM;708.4200000000001;616.0174
CO0700;D700;1.15;CONV;SUM;141.0;122.6087
CO0700;D702;1.15;CONV;SUM;30.0;26.087
CO0700;D703;1.15;CONV;SUM;218.31;189.8348
CO0700;D705;1.15;CONV;SUM;219.75;191.087
CO0700;D707;1.15;CONV;SUM;209.04;181.7739
CO0700;D708;1.15;CONV;SUM;6.0;5.2174
CO0700;D710;1.15;CONV;SUM;625.86;544.2261
CO0700;D711;1.15;CONV;SUM;63.0;54.7826
CO0715;D009;1.15;CONV;SUM;63.952200000000005;55.6106
CO0715;D013;1.15;CONV;SUM;14.13;12.287
CO0715;D014;1.15;CONV;SUM;12.7944;11.1256
CO0715;D017;1.15;CONV;SUM;13.914;12.0991
CO0715;D056;1.15;CONV;SUM;5.58;4.8522
CO0715;D100;1.15;CONV;SUM;0.0036;0.0031
CO0715;D218;1.15;CONV;SUM;0.0072;0.0063
CO0715;D411;1.15;CONV;SUM;72.1152;62.7089
CO0715;D519;1.15;CONV;SUM;38.286;33.2922
CO0715;D608;1.15;CONV;SUM;27.0684;23.5377
CO0715;D621;1.15;CONV;SUM;26.1792;22.7645
CO0715;D627;1.15;CONV;SUM;68.71860000000001;59.7553
CO0715;D629;1.15;CONV;SUM;67.7034;58.8725
CO0715;D631;1.15;CONV;SUM;111.8502;97.261
CO0715;D639;1.15;CONV;SUM;41.5656;36.144
CO0715;D651;1.15;CONV;SUM;14.4;12.5217
CO0715;D657;1.15;CONV;SUM;37.983599999999996;33.0292
CO0715;D658;1.15;CONV;SUM;25.1406;21.8614
CO0715;D673;1.15;CONV;SUM;12.996;11.3009
CO0715;D677;1.15;CONV;SUM;33.120000000000005;28.8
CO0715;D678;1.15;CONV;SUM;12.564;10.9252
CO0715;D680;1.15;CONV;SUM;7.4754;6.5003
CO0715;D705;1.15;CONV;SUM;1.8;1.5652
CO0801;D010;1.8;CONV;AUT;105.84;58.8
CO0801;D011;1.8;CONV;AUT;32.0;17.7778
CO0801;D013;1.8;CONV;AUT;22.36;12.4222
CO0801;D016;1.8;CONV;AUT;381.28;211.8222
CO0801;D018;1.8;CONV;AUT;30.18;16.7667
CO0801;D026;1.8;CONV;AUT;102.0;56.6667
CO0801;D031;1.8;CONV;AUT;330.0;183.3333
CO0801;D049;1.8;CONV;AUT;40.32;22.4
CO0801;D056;1.8;CONV;AUT;31.84;17.6889
CO0801;D065;1.8;CONV;AUT;142.24;79.0222
CO0801;D128;1.8;CONV;AUT;15.0;8.3333
CO0801;D143;1.8;CONV;AUT;24.0;13.3333
CO0801;D202;1.8;CONV;AUT;80.0;44.4444
CO0801;D214;1.8;CONV;AUT;50.0;27.7778
CO0801;D222;1.8;CONV;AUT;32.66;18.1444
CO0801;D404;1.8;CONV;AUT;144.26;80.1444
CO0801;D416;1.8;CONV;AUT;15.62;8.6778
CO0801;D464;1.8;CONV;AUT;110.0;61.1111
CO0801;D508;1.8;CONV;AUT;55.76;30.9778
CO0801;D519;1.8;CONV;AUT;166.02;92.2333
CO0801;D520;1.8;CONV;AUT;15.62;8.6778
CO0801;D603;1.8;CONV;AUT;3.02;1.6778
CO0801;D605;1.8;CONV;AUT;8.26;4.5889
CO0801;D606;1.8;CONV;AUT;268.24;149.0222
CO0801;D609;1.8;CONV;AUT;6.0;3.3333
CO0801;D610;1.8;CONV;AUT;8.5;4.7222
CO0801;D611;1.8;CONV;AUT;23.98;13.3222
CO0801;D612;1.8;CONV;AUT;54.7;30.3889
CO0801;D617;1.8;CONV;AUT;13.780000000000001;7.6556
CO0801;D621;1.8;CONV;AUT;61.72;34.2889
CO0801;D624;1.8;CONV;AUT;65.62;36.4556
CO0801;D635;1.8;CONV;AUT;230.8;128.2222
CO0801;D638;1.8;CONV;AUT;106.4;59.1111
CO0801;D639;1.8;CONV;AUT;239.64;133.1333
CO0801;D642;1.8;CONV;AUT;21.44;11.9111
CO0801;D643;1.8;CONV;AUT;28.52;15.8444
CO0801;D644;1.8;CONV;AUT;70.0;38.8889
CO0801;D657;1.8;CONV;AUT;20.78;11.5444
CO0801;D659;1.8;CONV;AUT;20.0;11.1111
CO0801;D665;1.8;CONV;AUT;54.26;30.1444
CO0801;D666;1.8;CONV;AUT;65.46;36.3667
CO0801;D676;1.8;CONV;AUT;80.0;44.4444
CO0801;D677;1.8;CONV;AUT;129.0;71.6667
CO0801;D679;1.8;CONV;AUT;400.84000000000003;222.6889
CO0801;D682;1.8;CONV;AUT;144.57999999999998;80.3222
CO0801;D685;1.8;CONV;AUT;24.0;13.3333
CO0801;D700;1.8;CONV;AUT;20.0;11.1111
CO0801;D703;1.8;CONV;AUT;42.0;23.3333
CO0801;D705;1.8;CONV;AUT;88.0;48.8889
CO0801;D707;1.8;CONV;AUT;20.0;11.1111
CO0802;D001;1.8;CONV;AUT;41.492;23.0511
CO0802;D003;1.8;CONV;AUT;520.212;289.0067
CO0802;D006;1.8;CONV;AUT;292.59999999999997;162.5556
CO0802;D007;1.8;CONV;AUT;599.698;333.1656
CO0802;D008;1.8;CONV;AUT;797.61;443.1167
CO0802;D009;1.8;CONV;AUT;571.56;317.5333
CO0802;D010;1.8;CONV;AUT;161.7;89.8333
CO0802;D011;1.8;CONV;AUT;77.0;42.7778
CO0802;D012;1.8;CONV;AUT;730.598;405.8878
CO0802;D013;1.8;CONV;AUT;1092.366;606.87
CO0802;D014;1.8;CONV;AUT;391.644;217.58
CO0802;D015;1.8;CONV;AUT;78.364;43.5356
CO0802;D016;1.8;CONV;AUT;66.418;36.8989
CO0802;D017;1.8;CONV;AUT;74.932;41.6289
CO0802;D018;1.8;CONV;AUT;309.078;171.71
CO0802;D019;1.8;CONV;AUT;761.574;423.0967
CO0802;D020;1.8;CONV;AUT;340.714;189.2856
CO0802;D021;1.8;CONV;AUT;110.836;61.5756
CO0802;D026;1.8;CONV;AUT;1171.28;650.7111
CO0802;D029;1.8;CONV;AUT;61.6;34.2222
CO0802;D031;1.8;CONV;AUT;1108.536;615.8533
CO0802;D032;1.8;CONV;AUT;287.05600000000004;159.4756
CO0802;D033;1.8;CONV;AUT;278.25600000000003;154.5867
CO0802;D034;1.8;CONV;AUT;45.21;25.1167
CO0802;D037;1.8;CONV;AUT;161.392;89.6622
CO0802;D038;1.8;CONV;AUT;129.36;71.8667
CO0802;D040;1.8;CONV;AUT;321.288;178.4933
CO0802;D041;1.8;CONV;AUT;371.338;206.2989
CO0802;D044;1.8;CONV;AUT;122.21000000000001;67.8944
CO0802;D046;1.8;CONV;AUT;28.446;15.8033
CO0802;D049;1.8;CONV;AUT;924.462;513.59
CO0802;D051;1.8;CONV;AUT;47.982;26.6567
CO0802;D052;1.8;CONV;AUT;432.476;240.2644
CO0802;D053;1.8;CONV;AUT;583.352;324.0844
CO0802;D054;1.8;CONV;AUT;108.372;60.2067
CO0802;D056;1.8;CONV;AUT;493.482;274.1567
CO0802;D059;1.8;CONV;AUT;169.708;94.2822
CO0802;D062;1.8;CONV;AUT;266.156;147.8644
CO0802;D063;1.8;CONV;AUT;132.286;73.4922
CO0802;D065;1.8;CONV;AUT;309.298;171.8322
CO0802;D066;1.8;CONV;AUT;38.5;21.3889
CO0802;D067;1.8;CONV;AUT;20.746;11.5256
CO0802;D068;1.8;CONV;AUT;464.86;258.2556
CO0802;D074;1.8;CONV;AUT;408.76;227.0889
CO0802;D087;1.8;CONV;AUT;25.322;14.0678
CO0802;D100;1.8;CONV;AUT;128.524;71.4022
CO0802;D102;1.8;CONV;AUT;906.2900000000001;503.4944
CO0802;D104;1.8;CONV;AUT;477.576;265.32
CO0802;D105;1.8;CONV;AUT;727.232;404.0178
CO0802;D106;1.8;CONV;AUT;600.556;333.6422
CO0802;D107;1.8;CONV;AUT;370.876;206.0422
CO0802;D108;1.8;CONV;AUT;348.26;193.4778
CO0802;D109;1.8;CONV;AUT;174.614;97.0078
CO0802;D110;1.8;CONV;AUT;29.92;16.6222
CO0802;D111;1.8;CONV;AUT;555.566;308.6478
CO0802;D112;1.8;CONV;AUT;1043.02;579.4556
CO0802;D114;1.8;CONV;AUT;449.856;249.92
CO0802;D115;1.8;CONV;AUT;449.262;249.59
CO0802;D116;1.8;CONV;AUT;460.482;255.8233
CO0802;D119;1.8;CONV;AUT;147.708;82.06
CO0802;D126;1.8;CONV;AUT;350.76800000000003;194.8711
CO0802;D128;1.8;CONV;AUT;544.83;302.6833
CO0802;D143;1.8;CONV;AUT;526.4159999999999;292.4533
CO0802;D157;1.8;CONV;AUT;68.2;37.8889
CO0802;D200;1.8;CONV;AUT;477.928;265.5156
CO0802;D201;1.8;CONV;AUT;527.604;293.1133
CO0802;D202;1.8;CONV;AUT;589.358;327.4211
CO0802;D204;1.8;CONV;AUT;1235.19;686.2167
CO0802;D205;1.8;CONV;AUT;125.07;69.4833
CO0802;D209;1.8;CONV;AUT;183.766;102.0922
CO0802;D210;1.8;CONV;AUT;245.74;136.5222
CO0802;D212;1.8;CONV;AUT;165.528;91.96
CO0802;D213;1.8;CONV;AUT;572.682;318.1567
CO0802;D214;1.8;CONV;AUT;630.388;350.2156
CO0802;D216;1.8;CONV;AUT;1091.332;606.2956
CO0802;D217;1.8;CONV;AUT;307.604;170.8911
CO0802;D218;1.8;CONV;AUT;259.424;144.1244
CO0802;D220;1.8;CONV;AUT;1111.44;617.4667
CO0802;D222;1.8;CONV;AUT;645.612;358.6733
CO0802;D223;1.8;CONV;AUT;178.684;99.2689
CO0802;D226;1.8;CONV;AUT;9.9;5.5
CO0802;D228;1.8;CONV;AUT;37.4;20.7778
CO0802;D271;1.8;CONV;AUT;50.666000000000004;28.1478
CO0802;D272;1.8;CONV;AUT;46.09;25.6056
CO0802;D281;1.8;CONV;AUT;59.774;33.2078
CO0802;D282;1.8;CONV;AUT;50.6;28.1111
CO0802;D283;1.8;CONV;AUT;80.828;44.9044
CO0802;D286;1.8;CONV;AUT;112.86;62.7
CO0802;D287;1.8;CONV;AUT;106.15;58.9722
CO0802;D402;1.8;CONV;AUT;233.288;129.6044
CO0802;D404;1.8;CONV;AUT;249.458;138.5878
CO0802;D405;1.8;CONV;AUT;347.57800000000003;193.0989
CO0802;D411;1.8;CONV;AUT;618.178;343.4322
CO0802;D416;1.8;CONV;AUT;879.6260000000001;488.6811
CO0802;D418;1.8;CONV;AUT;41.14;22.8556
CO0802;D424;1.8;CONV;AUT;349.602;194.2233
CO0802;D426;1.8;CONV;AUT;132.682;73.7122
CO0802;D435;1.8;CONV;AUT;126.72;70.4
CO0802;D439;1.8;CONV;AUT;486.2;270.1111
CO0802;D440;1.8;CONV;AUT;221.54;123.0778
CO0802;D441;1.8;CONV;AUT;169.136;93.9644
CO0802;D442;1.8;CONV;AUT;306.04200000000003;170.0233
CO0802;D445;1.8;CONV;AUT;638.154;354.53
CO0802;D456;1.8;CONV;AUT;722.612;401.4511
CO0802;D462;1.8;CONV;AUT;610.302;339.0567
CO0802;D464;1.8;CONV;AUT;525.602;292.0011
CO0802;D472;1.8;CONV;AUT;73.018;40.5656
CO0802;D476;1.8;CONV;AUT;288.948;160.5267
CO0802;D490;1.8;CONV;AUT;672.034;373.3522
CO0802;D501;1.8;CONV;AUT;203.544;113.08
CO0802;D503;1.8;CONV;AUT;154.88;86.0444
CO0802;D508;1.8;CONV;AUT;1154.758;641.5322
CO0802;D509;1.8;CONV;AUT;89.32;49.6222
CO0802;D511;1.8;CONV;AUT;259.248;144.0267
CO0802;D512;1.8;CONV;AUT;552.7719999999999;307.0956
CO0802;D513;1.8;CONV;AUT;479.908;266.6156
CO0802;D514;1.8;CONV;AUT;299.97;166.65
CO0802;D517;1.8;CONV;AUT;787.226;437.3478
CO0802;D519;1.8;CONV;AUT;217.25;120.6944
CO0802;D520;1.8;CONV;AUT;522.61;290.3389
CO0802;D524;1.8;CONV;AUT;35.2;19.5556
CO0802;D525;1.8;CONV;AUT;377.96;209.9778
CO0802;D602;1.8;CONV;AUT;873.004;485.0022
CO0802;D603;1.8;CONV;AUT;903.9580000000001;502.1989
CO0802;D604;1.8;CONV;AUT;31.13;17.2944
CO0802;D605;1.8;CONV;AUT;1109.02;616.1222
CO0802;D606;1.8;CONV;AUT;365.772;203.2067
CO0802;D608;1.8;CONV;AUT;756.954;420.53
CO0802;D609;1.8;CONV;AUT;487.23400000000004;270.6856
CO0802;D610;1.8;CONV;AUT;649.242;360.69
CO0802;D611;1.8;CONV;AUT;10.692;5.94
CO0802;D612;1.8;CONV;AUT;407.63800000000003;226.4656
CO0802;D613;1.8;CONV;AUT;940.236;522.3533
CO0802;D614;1.8;CONV;AUT;928.686;515.9367
CO0802;D615;1.8;CONV;AUT;125.554;69.7522
CO0802;D616;1.8;CONV;AUT;130.152;72.3067
CO0802;D617;1.8;CONV;AUT;449.13;249.5167
CO0802;D618;1.8;CONV;AUT;147.642;82.0233
CO0802;D620;1.8;CONV;AUT;788.26;437.9222
CO0802;D621;1.8;CONV;AUT;280.148;155.6378
CO0802;D622;1.8;CONV;AUT;359.128;199.5156
CO0802;D624;1.8;CONV;AUT;186.076;103.3756
CO0802;D625;1.8;CONV;AUT;733.656;407.5867
CO0802;D626;1.8;CONV;AUT;209.814;116.5633
CO0802;D627;1.8;CONV;AUT;213.31199999999998;118.5067
CO0802;D628;1.8;CONV;AUT;448.29400000000004;249.0522
CO0802;D629;1.8;CONV;AUT;375.254;208.4744
CO0802;D631;1.8;CONV;AUT;999.856;555.4756
CO0802;D632;1.8;CONV;AUT;685.014;380.5633
CO0802;D633;1.8;CONV;AUT;1063.37;590.7611
CO0802;D635;1.8;CONV;AUT;683.188;379.5489
CO0802;D638;1.8;CONV;AUT;347.754;193.1967
CO0802;D639;1.8;CONV;AUT;844.8;469.3333
CO0802;D641;1.8;CONV;AUT;661.21;367.3389
CO0802;D642;1.8;CONV;AUT;352.858;196.0322
CO0802;D643;1.8;CONV;AUT;1058.926;588.2922
CO0802;D644;1.8;CONV;AUT;506.33000000000004;281.2944
CO0802;D645;1.8;CONV;AUT;240.878;133.8211
CO0802;D646;1.8;CONV;AUT;15.334;8.5189
CO0802;D648;1.8;CONV;AUT;69.344;38.5244
CO0802;D649;1.8;CONV;AUT;280.214;155.6744
CO0802;D651;1.8;CONV;AUT;731.6320000000001;406.4622
CO0802;D652;1.8;CONV;AUT;56.496;31.3867
CO0802;D653;1.8;CONV;AUT;348.458;193.5878
CO0802;D654;1.8;CONV;AUT;153.164;85.0911
CO0802;D656;1.8;CONV;AUT;168.894;93.83
CO0802;D657;1.8;CONV;AUT;1179.354;655.1967
CO0802;D658;1.8;CONV;AUT;132.902;73.8344
CO0802;D659;1.8;CONV;AUT;413.66600000000005;229.8144
CO0802;D660;1.8;CONV;AUT;814.0;452.2222
CO0802;D661;1.8;CONV;AUT;864.358;480.1989
CO0802;D662;1.8;CONV;AUT;571.054;317.2522
CO0802;D663;1.8;CONV;AUT;80.916;44.9533
CO0802;D664;1.8;CONV;AUT;275.77;153.2056
CO0802;D666;1.8;CONV;AUT;501.93;278.85
CO0802;D667;1.8;CONV;AUT;450.164;250.0911
CO0802;D669;1.8;CONV;AUT;886.116;492.2867
CO0802;D670;1.8;CONV;AUT;611.8199999999999;339.9
CO0802;D671;1.8;CONV;AUT;172.128;95.6267
CO0802;D672;1.8;CONV;AUT;139.744;77.6356
CO0802;D673;1.8;CONV;AUT;186.89;103.8278
CO0802;D674;1.8;CONV;AUT;1003.794;557.6633
CO0802;D675;1.8;CONV;AUT;566.214;314.5633
CO0802;D676;1.8;CONV;AUT;509.784;283.2133
CO0802;D677;1.8;CONV;AUT;752.114;417.8411
CO0802;D678;1.8;CONV;AUT;282.854;157.1411
CO0802;D679;1.8;CONV;AUT;456.56600000000003;253.6478
CO0802;D680;1.8;CONV;AUT;250.294;139.0522
CO0802;D681;1.8;CONV;AUT;575.3;319.6111
CO0802;D682;1.8;CONV;AUT;184.272;102.3733
CO0802;D700;1.8;CONV;AUT;123.53;68.6278
CO0802;D702;1.8;CONV;AUT;242.0;134.4444
CO0802;D703;1.8;CONV;AUT;22.0;12.2222
CO0802;D704;1.8;CONV;AUT;366.96;203.8667
CO0802;D705;1.8;CONV;AUT;410.014;227.7856
CO0802;D707;1.8;CONV;AUT;78.54;43.6333
CO0802;D708;1.8;CONV;AUT;26.4;14.6667
CO0802;D709;1.8;CONV;AUT;33.0;18.3333
CO0802;D710;1.8;CONV;AUT;323.4;179.6667
CO0802;D742;1.8;CONV;AUT;4.4;2.4444
CO0900;D001;1.0;CONV;SUM;72.0;72.0
CO0900;D003;1.0;CONV;SUM;58.35;58.35
CO0900;D010;1.0;CONV;SUM;7.5;7.5
CO0900;D012;1.0;CONV;SUM;51.0;51.0
CO0900;D013;1.0;CONV;SUM;6.0;6.0
CO0900;D017;1.0;CONV;SUM;61.95;61.95
CO0900;D026;1.0;CONV;SUM;10.44;10.44
CO0900;D038;1.0;CONV;SUM;3.0;3.0
CO0900;D046;1.0;CONV;SUM;9.0;9.0
CO0900;D059;1.0;CONV;SUM;45.0;45.0
CO0900;D062;1.0;CONV;SUM;16.5;16.5
CO0900;D063;1.0;CONV;SUM;31.35;31.35
CO0900;D074;1.0;CONV;SUM;135.0;135.0
CO0900;D087;1.0;CONV;SUM;3.84;3.84
CO0900;D100;1.0;CONV;SUM;26.25;26.25
CO0900;D105;1.0;CONV;SUM;33.9;33.9
CO0900;D106;1.0;CONV;SUM;186.0;186.0
CO0900;D107;1.0;CONV;SUM;51.480000000000004;51.48
CO0900;D110;1.0;CONV;SUM;3.42;3.42
CO0900;D111;1.0;CONV;SUM;21.0;21.0
CO0900;D112;1.0;CONV;SUM;54.15;54.15
CO0900;D114;1.0;CONV;SUM;24.0;24.0
CO0900;D116;1.0;CONV;SUM;16.5;16.5
CO0900;D143;1.0;CONV;SUM;4.65;4.65
CO0900;D201;1.0;CONV;SUM;11.61;11.61
CO0900;D202;1.0;CONV;SUM;30.0;30.0
CO0900;D209;1.0;CONV;SUM;15.629999999999999;15.63
CO0900;D210;1.0;CONV;SUM;101.4;101.4
CO0900;D216;1.0;CONV;SUM;18.18;18.18
CO0900;D220;1.0;CONV;SUM;70.29;70.29
CO0900;D222;1.0;CONV;SUM;60.0;60.0
CO0900;D405;1.0;CONV;SUM;30.0;30.0
CO0900;D416;1.0;CONV;SUM;57.239999999999995;57.24
CO0900;D419;1.0;CONV;SUM;12.0;12.0
CO0900;D424;1.0;CONV;SUM;86.73;86.73
CO0900;D441;1.0;CONV;SUM;62.43;62.43
CO0900;D462;1.0;CONV;SUM;9.0;9.0
CO0900;D464;1.0;CONV;SUM;100.17;100.17
CO0900;D508;1.0;CONV;SUM;18.27;18.27
CO0900;D511;1.0;CONV;SUM;6.0;6.0
CO0900;D512;1.0;CONV;SUM;4.77;4.77
CO0900;D513;1.0;CONV;SUM;111.0;111.0
CO0900;D524;1.0;CONV;SUM;48.0;48.0
CO0900;D525;1.0;CONV;SUM;75.03;75.03
CO0900;D606;1.0;CONV;SUM;62.88;62.88
CO0900;D609;1.0;CONV;SUM;12.66;12.66
CO0900;D610;1.0;CONV;SUM;3.0;3.0
CO0900;D611;1.0;CONV;SUM;106.32000000000001;106.32
CO0900;D613;1.0;CONV;SUM;28.14;28.14
CO0900;D620;1.0;CONV;SUM;21.72;21.72
CO0900;D628;1.0;CONV;SUM;23.37;23.37
CO0900;D631;1.0;CONV;SUM;81.41999999999999;81.42
CO0900;D632;1.0;CONV;SUM;66.63;66.63
CO0900;D633;1.0;CONV;SUM;23.55;23.55
CO0900;D638;1.0;CONV;SUM;15.33;15.33
CO0900;D639;1.0;CONV;SUM;6.0;6.0
CO0900;D644;1.0;CONV;SUM;9.48;9.48
CO0900;D651;1.0;CONV;SUM;21.0;21.0
CO0900;D652;1.0;CONV;SUM;161.73;161.73
CO0900;D656;1.0;CONV;SUM;4.35;4.35
CO0900;D659;1.0;CONV;SUM;23.669999999999998;23.67
CO0900;D666;1.0;CONV;SUM;26.94;26.94
CO0900;D669;1.0;CONV;SUM;132.78;132.78
CO0900;D672;1.0;CONV;SUM;34.77;34.77
CO0900;D675;1.0;CONV;SUM;39.0;39.0
CO0900;D676;1.0;CONV;SUM;9.96;9.96
CO0900;D677;1.0;CONV;SUM;50.85;50.85
CO0900;D678;1.0;CONV;SUM;42.57;42.57
CO0900;D679;1.0;CONV;SUM;13.98;13.98
CO0901;D044;1.0;CONV;SUM;24.0;24.0
CO0901;D525;1.0;CONV;SUM;14.1;14.1
CO0901;D621;1.0;CONV;SUM;3.51;3.51
CO0901;D622;1.0;CONV;SUM;7.41;7.41
CO0901;D662;1.0;CONV;SUM;14.79;14.79
CO0901;D674;1.0;CONV;SUM;216.45;216.45
CO0902;D009;1.15;CONV;SUM;5.24;4.5565
CO0902;D014;1.15;CONV;SUM;12.21;10.6174
CO0902;D056;1.15;CONV;SUM;13.58;11.8087
CO0902;D411;1.15;CONV;SUM;1.9;1.6522
CO0902;D416;1.15;CONV;SUM;6.5;5.6522
CO0902;D439;1.15;CONV;SUM;7.5;6.5217
CO0902;D605;1.15;CONV;SUM;6.16;5.3565
CO0902;D610;1.15;CONV;SUM;13.08;11.3739
CO0902;D620;1.15;CONV;SUM;17.45;15.1739
CO0902;D633;1.15;CONV;SUM;2.2;1.913
CO0902;D672;1.15;CONV;SUM;37.45;32.5652
CO0902;D673;1.15;CONV;SUM;13.64;11.8609
CO1002;D006;1.0;CONV;SUM;33.18;33.18
CO1002;D007;1.0;CONV;SUM;147.12;147.12
CO1002;D008;1.0;CONV;SUM;484.02;484.02
CO1002;D009;1.0;CONV;SUM;364.8;364.8
CO1002;D014;1.0;CONV;SUM;261.51;261.51
CO1002;D015;1.0;CONV;SUM;25.98;25.98
CO1002;D017;1.0;CONV;SUM;176.64000000000001;176.64
CO1002;D018;1.0;CONV;SUM;30.0;30.0
CO1002;D019;1.0;CONV;SUM;42.09;42.09
CO1002;D020;1.0;CONV;SUM;52.86;52.86
CO1002;D021;1.0;CONV;SUM;63.39;63.39
CO1002;D026;1.0;CONV;SUM;141.6;141.6
CO1002;D034;1.0;CONV;SUM;10.2;10.2
CO1002;D037;1.0;CONV;SUM;63.18;63.18
CO1002;D040;1.0;CONV;SUM;67.05;67.05
CO1002;D054;1.0;CONV;SUM;32.43;32.43
CO1002;D056;1.0;CONV;SUM;172.82999999999998;172.83
CO1002;D059;1.0;CONV;SUM;142.11;142.11
CO1002;D067;1.0;CONV;SUM;77.88;77.88
CO1002;D102;1.0;CONV;SUM;22.5;22.5
CO1002;D105;1.0;CONV;SUM;66.0;66.0
CO1002;D112;1.0;CONV;SUM;6.0;6.0
CO1002;D116;1.0;CONV;SUM;112.02;112.02
CO1002;D128;1.0;CONV;SUM;97.86;97.86
CO1002;D157;1.0;CONV;SUM;82.62;82.62
CO1002;D209;1.0;CONV;SUM;68.37;68.37
CO1002;D217;1.0;CONV;SUM;3.0;3.0
CO1002;D222;1.0;CONV;SUM;47.64;47.64
CO1002;D272;1.0;CONV;SUM;75.99000000000001;75.99
CO1002;D281;1.0;CONV;SUM;20.58;20.58
CO1002;D287;1.0;CONV;SUM;21.78;21.78
CO1002;D300;1.0;CONV;SUM;90.0;90.0
CO1002;D402;1.0;CONV;SUM;44.1;44.1
CO1002;D404;1.0;CONV;SUM;94.91999999999999;94.92
CO1002;D405;1.0;CONV;SUM;341.67;341.67
CO1002;D411;1.0;CONV;SUM;51.870000000000005;51.87
CO1002;D412;1.0;CONV;SUM;82.53;82.53
CO1002;D418;1.0;CONV;SUM;21.24;21.24
CO1002;D419;1.0;CONV;SUM;3.0;3.0
CO1002;D426;1.0;CONV;SUM;189.63;189.63
CO1002;D435;1.0;CONV;SUM;182.91;182.91
CO1002;D439;1.0;CONV;SUM;109.05;109.05
CO1002;D440;1.0;CONV;SUM;66.18;66.18
CO1002;D441;1.0;CONV;SUM;172.32;172.32
CO1002;D442;1.0;CONV;SUM;16.02;16.02
CO1002;D456;1.0;CONV;SUM;28.17;28.17
CO1002;D476;1.0;CONV;SUM;13.32;13.32
CO1002;D490;1.0;CONV;SUM;149.04;149.04
CO1002;D503;1.0;CONV;SUM;196.23;196.23
CO1002;D513;1.0;CONV;SUM;126.44999999999999;126.45
CO1002;D602;1.0;CONV;SUM;15.72;15.72
CO1002;D603;1.0;CONV;SUM;248.01;248.01
CO1002;D605;1.0;CONV;SUM;281.94;281.94
CO1002;D606;1.0;CONV;SUM;41.58;41.58
CO1002;D608;1.0;CONV;SUM;168.0;168.0
CO1002;D609;1.0;CONV;SUM;200.97;200.97
CO1002;D611;1.0;CONV;SUM;47.400000000000006;47.4
CO1002;D612;1.0;CONV;SUM;70.32;70.32
CO1002;D613;1.0;CONV;SUM;266.28;266.28
CO1002;D614;1.0;CONV;SUM;222.24;222.24
CO1002;D616;1.0;CONV;SUM;28.98;28.98
CO1002;D617;1.0;CONV;SUM;592.26;592.26
CO1002;D618;1.0;CONV;SUM;88.59;88.59
CO1002;D620;1.0;CONV;SUM;155.49;155.49
CO1002;D622;1.0;CONV;SUM;66.78;66.78
CO1002;D625;1.0;CONV;SUM;148.05;148.05
CO1002;D628;1.0;CONV;SUM;101.4;101.4
CO1002;D631;1.0;CONV;SUM;584.3100000000001;584.31
CO1002;D632;1.0;CONV;SUM;372.57;372.57
CO1002;D633;1.0;CONV;SUM;665.55;665.55
CO1002;D635;1.0;CONV;SUM;43.77;43.77
CO1002;D637;1.0;CONV;SUM;62.76;62.76
CO1002;D638;1.0;CONV;SUM;38.49;38.49
CO1002;D639;1.0;CONV;SUM;22.95;22.95
CO1002;D642;1.0;CONV;SUM;90.9;90.9
CO1002;D643;1.0;CONV;SUM;13.98;13.98
CO1002;D647;1.0;CONV;SUM;14.16;14.16
CO1002;D648;1.0;CONV;SUM;12.0;12.0
CO1002;D649;1.0;CONV;SUM;176.55;176.55
CO1002;D651;1.0;CONV;SUM;218.54999999999998;218.55
CO1002;D652;1.0;CONV;SUM;61.56;61.56
CO1002;D653;1.0;CONV;SUM;175.8;175.8
CO1002;D654;1.0;CONV;SUM;247.44;247.44
CO1002;D656;1.0;CONV;SUM;143.85;143.85
CO1002;D657;1.0;CONV;SUM;176.55;176.55
CO1002;D658;1.0;CONV;SUM;57.87;57.87
CO1002;D659;1.0;CONV;SUM;39.72;39.72
CO1002;D660;1.0;CONV;SUM;76.83;76.83
CO1002;D661;1.0;CONV;SUM;68.28;68.28
CO1002;D662;1.0;CONV;SUM;61.95;61.95
CO1002;D663;1.0;CONV;SUM;45.0;45.0
CO1002;D665;1.0;CONV;SUM;112.17;112.17
CO1002;D666;1.0;CONV;SUM;377.88;377.88
CO1002;D667;1.0;CONV;SUM;397.86;397.86
CO1002;D669;1.0;CONV;SUM;605.34;605.34
CO1002;D672;1.0;CONV;SUM;33.39;33.39
CO1002;D673;1.0;CONV;SUM;135.84;135.84
CO1002;D674;1.0;CONV;SUM;70.65;70.65
CO1002;D675;1.0;CONV;SUM;339.3;339.3
CO1002;D677;1.0;CONV;SUM;0.63;0.63
CO1002;D680;1.0;CONV;SUM;178.32;178.32
CO1002;D681;1.0;CONV;SUM;102.78;102.78
CO1002;D682;1.0;CONV;SUM;72.9;72.9
CO1002;D710;1.0;CONV;SUM;9.0;9.0
CO1100;D007;1.15;CONV;SUM;56.25;48.913
CO1100;D009;1.15;CONV;SUM;41.0;35.6522
CO1100;D011;1.15;CONV;SUM;95.0;82.6087
CO1100;D012;1.15;CONV;SUM;33.05;28.7391
CO1100;D031;1.15;CONV;SUM;10.0;8.6957
CO1100;D032;1.15;CONV;SUM;32.35;28.1304
CO1100;D044;1.15;CONV;SUM;30.0;26.087
CO1100;D049;1.15;CONV;SUM;40.0;34.7826
CO1100;D053;1.15;CONV;SUM;1651.0;1435.6522
CO1100;D067;1.15;CONV;SUM;115.0;100.0
CO1100;D074;1.15;CONV;SUM;20.0;17.3913
CO1100;D108;1.15;CONV;SUM;90.0;78.2609
CO1100;D111;1.15;CONV;SUM;5.0;4.3478
CO1100;D128;1.15;CONV;SUM;20.0;17.3913
CO1100;D204;1.15;CONV;SUM;17.5;15.2174
CO1100;D210;1.15;CONV;SUM;39.95;34.7391
CO1100;D214;1.15;CONV;SUM;25.8;22.4348
CO1100;D220;1.15;CONV;SUM;77.5;67.3913
CO1100;D281;1.15;CONV;SUM;50.0;43.4783
CO1100;D286;1.15;CONV;SUM;50.0;43.4783
CO1100;D412;1.15;CONV;SUM;22.5;19.5652
CO1100;D501;1.15;CONV;SUM;342.1;297.4783
CO1100;D507;1.15;CONV;SUM;205.0;178.2609
CO1100;D508;1.15;CONV;SUM;12.95;11.2609
CO1100;D509;1.15;CONV;SUM;82.5;71.7391
CO1100;D511;1.15;CONV;SUM;18.9;16.4348
CO1100;D514;1.15;CONV;SUM;122.5;106.5217
CO1100;D517;1.15;CONV;SUM;141.60000000000002;123.1304
CO1100;D519;1.15;CONV;SUM;626.55;544.8261
CO1100;D520;1.15;CONV;SUM;1381.4;1201.2174
CO1100;D525;1.15;CONV;SUM;35.05;30.4783
CO1100;D602;1.15;CONV;SUM;97.0;84.3478
CO1100;D603;1.15;CONV;SUM;61.4;53.3913
CO1100;D606;1.15;CONV;SUM;183.75;159.7826
CO1100;D610;1.15;CONV;SUM;37.6;32.6957
CO1100;D611;1.15;CONV;SUM;93.0;80.8696
CO1100;D612;1.15;CONV;SUM;79.9;69.4783
CO1100;D615;1.15;CONV;SUM;25.8;22.4348
CO1100;D621;1.15;CONV;SUM;193.8;168.5217
CO1100;D624;1.15;CONV;SUM;52.2;45.3913
CO1100;D629;1.15;CONV;SUM;1750.4;1522.087
CO1100;D632;1.15;CONV;SUM;104.9;91.2174
CO1100;D637;1.15;CONV;SUM;45.2;39.3043
CO1100;D638;1.15;CONV;SUM;64.6;56.1739
CO1100;D639;1.15;CONV;SUM;496.0;431.3043
CO1100;D641;1.15;CONV;SUM;681.7;592.7826
CO1100;D642;1.15;CONV;SUM;45.5;39.5652
CO1100;D643;1.15;CONV;SUM;565.05;491.3478
CO1100;D644;1.15;CONV;SUM;214.4;186.4348
CO1100;D645;1.15;CONV;SUM;179.45;156.0435
CO1100;D646;1.15;CONV;SUM;64.6;56.1739
CO1100;D647;1.15;CONV;SUM;205.2;178.4348
CO1100;D657;1.15;CONV;SUM;63.650000000000006;55.3478
CO1100;D660;1.15;CONV;SUM;148.5;129.1304
CO1100;D661;1.15;CONV;SUM;133.15;115.7826
CO1100;D662;1.15;CONV;SUM;31.35;27.2609
CO1100;D666;1.15;CONV;SUM;35.35;30.7391
CO1100;D667;1.15;CONV;SUM;35.4;30.7826
CO1100;D669;1.15;CONV;SUM;71.25;61.9565
CO1100;D674;1.15;CONV;SUM;155.8;135.4783
CO1100;D677;1.15;CONV;SUM;185.2;161.0435
CO1100;D678;1.15;CONV;SUM;513.8;446.7826
CO1100;D679;1.15;CONV;SUM;974.1;847.0435
CO1100;D700;1.15;CONV;SUM;360.0;313.0435
CO1100;D702;1.15;CONV;SUM;200.0;173.913
CO1100;D703;1.15;CONV;SUM;1077.5;936.9565
CO1100;D704;1.15;CONV;SUM;206.4;179.4783
CO1100;D705;1.15;CONV;SUM;982.6;854.4348
CO1100;D706;1.15;CONV;SUM;15.0;13.0435
CO1100;D707;1.15;CONV;SUM;381.55;331.7826
CO1100;D708;1.15;CONV;SUM;280.0;243.4783
CO1100;D710;1.15;CONV;SUM;1385.0;1204.3478
CO1100;D711;1.15;CONV;SUM;76.5;66.5217
CO1100;DC07;1.15;CONV;SUM;134.9;117.3043
CO1101;D053;1.15;CONV;SUM;35.0;30.4348
CO1101;D514;1.15;CONV;SUM;40.0;34.7826
CO1101;D629;1.15;CONV;SUM;100.0;86.9565
CO1101;D705;1.15;CONV;SUM;88.5;76.9565
CO1101;D707;1.15;CONV;SUM;380.0;330.4348
CO1101;D710;1.15;CONV;SUM;75.0;65.2174
CO1103;D602;1.15;CONV;SUM;150.09;130.513
CO1200;D014;1.15;CONV;AUT;13.2;11.4783
CO1200;D034;1.15;CONV;AUT;43.0;37.3913
CO1200;D049;1.15;CONV;AUT;175.8;152.8696
CO1200;D102;1.15;CONV;AUT;70.0;60.8696
CO1200;D105;1.15;CONV;AUT;655.3;569.8261
CO1200;D111;1.15;CONV;AUT;243.15;211.4348
CO1200;D116;1.15;CONV;AUT;66.25;57.6087
CO1200;D210;1.15;CONV;AUT;21.5;18.6957
CO1200;D216;1.15;CONV;AUT;27.25;23.6957
CO1200;D218;1.15;CONV;AUT;22.5;19.5652
CO1200;D220;1.15;CONV;AUT;6.1;5.3043
CO1200;D222;1.15;CONV;AUT;89.2;77.5652
CO1200;D411;1.15;CONV;AUT;77.15;67.087
CO1200;D424;1.15;CONV;AUT;120.0;104.3478
CO1200;D426;1.15;CONV;AUT;65.64999999999999;57.087
CO1200;D439;1.15;CONV;AUT;248.0;215.6522
CO1200;D441;1.15;CONV;AUT;108.4;94.2609
CO1200;D445;1.15;CONV;AUT;129.15;112.3043
CO1200;D456;1.15;CONV;AUT;519.55;451.7826
CO1200;D476;1.15;CONV;AUT;31.65;27.5217
CO1200;D511;1.15;CONV;AUT;493.05;428.7391
CO1200;D519;1.15;CONV;AUT;136.39999999999998;118.6087
CO1200;D525;1.15;CONV;AUT;10.95;9.5217
CO1200;D602;1.15;CONV;AUT;40.0;34.7826
CO1200;D605;1.15;CONV;AUT;20.0;17.3913
CO1200;D613;1.15;CONV;AUT;28.5;24.7826
CO1200;D617;1.15;CONV;AUT;223.8;194.6087
CO1200;D621;1.15;CONV;AUT;279.95;243.4348
CO1200;D628;1.15;CONV;AUT;154.9;134.6957
CO1200;D638;1.15;CONV;AUT;60.0;52.1739
CO1200;D639;1.15;CONV;AUT;263.75;229.3478
CO1200;D642;1.15;CONV;AUT;62.65;54.4783
CO1200;D649;1.15;CONV;AUT;68.7;59.7391
CO1200;D652;1.15;CONV;AUT;105.0;91.3043
CO1200;D653;1.15;CONV;AUT;83.1;72.2609
CO1200;D656;1.15;CONV;AUT;79.4;69.0435
CO1200;D657;1.15;CONV;AUT;86.7;75.3913
CO1200;D661;1.15;CONV;AUT;20.0;17.3913
CO1200;D667;1.15;CONV;AUT;48.6;42.2609
CO1200;D670;1.15;CONV;AUT;357.35;310.7391
CO1200;D673;1.15;CONV;AUT;35.0;30.4348
CO1200;D674;1.15;CONV;AUT;53.25;46.3043
CO1200;D675;1.15;CONV;AUT;201.9;175.5652
CO1200;D676;1.15;CONV;AUT;94.9;82.5217
CO1200;D677;1.15;CONV;AUT;580.15;504.4783
CO1200;D678;1.15;CONV;AUT;98.25;85.4348
CO1200;D679;1.15;CONV;AUT;85.0;73.913
CO1200;D680;1.15;CONV;AUT;60.0;52.1739
CO1200;D682;1.15;CONV;AUT;30.05;26.1304
CO1200;D700;1.15;CONV;AUT;10.0;8.6957
CO1200;D710;1.15;CONV;AUT;100.0;86.9565
CO1301;D006;1.15;CONV;AUT;45.0;39.1304
CO1301;D007;1.15;CONV;AUT;45.0;39.1304
CO1301;D009;1.15;CONV;AUT;76.23;66.287
CO1301;D011;1.15;CONV;AUT;99.0;86.087
CO1301;D018;1.15;CONV;AUT;9.69;8.4261
CO1301;D019;1.15;CONV;AUT;29.16;25.3565
CO1301;D021;1.15;CONV;AUT;29.73;25.8522
CO1301;D056;1.15;CONV;AUT;309.12;268.8
CO1301;D062;1.15;CONV;AUT;12.0;10.4348
CO1301;D074;1.15;CONV;AUT;30.0;26.087
CO1301;D087;1.15;CONV;AUT;39.0;33.913
CO1301;D210;1.15;CONV;AUT;53.01;46.0957
CO1301;D402;1.15;CONV;AUT;275.85;239.8696
CO1301;D404;1.15;CONV;AUT;44.46;38.6609
CO1301;D405;1.15;CONV;AUT;21.33;18.5478
CO1301;D424;1.15;CONV;AUT;6.75;5.8696
CO1301;D508;1.15;CONV;AUT;150.39;130.7739
CO1301;D513;1.15;CONV;AUT;119.61;104.0087
CO1301;D517;1.15;CONV;AUT;99.45;86.4783
CO1301;D520;1.15;CONV;AUT;37.5;32.6087
CO1301;D602;1.15;CONV;AUT;150.03;130.4609
CO1301;D603;1.15;CONV;AUT;47.97;41.713
CO1301;D612;1.15;CONV;AUT;37.53;32.6348
CO1301;D613;1.15;CONV;AUT;53.43;46.4609
CO1301;D614;1.15;CONV;AUT;124.77000000000001;108.4957
CO1301;D620;1.15;CONV;AUT;72.48;63.0261
CO1301;D625;1.15;CONV;AUT;25.65;22.3043
CO1301;D626;1.15;CONV;AUT;10.59;9.2087
CO1301;D629;1.15;CONV;AUT;144.9;126.0
CO1301;D631;1.15;CONV;AUT;288.39;250.7739
CO1301;D632;1.15;CONV;AUT;105.0;91.3043
CO1301;D633;1.15;CONV;AUT;489.48;425.6348
CO1301;D635;1.15;CONV;AUT;111.0;96.5217
CO1301;D638;1.15;CONV;AUT;42.0;36.5217
CO1301;D639;1.15;CONV;AUT;355.47;309.1043
CO1301;D644;1.15;CONV;AUT;97.53;84.8087
CO1301;D654;1.15;CONV;AUT;41.31;35.9217
CO1301;D657;1.15;CONV;AUT;28.71;24.9652
CO1301;D660;1.15;CONV;AUT;16.74;14.5565
CO1301;D662;1.15;CONV;AUT;452.22;393.2348
CO1301;D666;1.15;CONV;AUT;40.620000000000005;35.3217
CO1301;D667;1.15;CONV;AUT;89.64;77.9478
CO1301;D669;1.15;CONV;AUT;157.56;137.0087
CO1301;D674;1.15;CONV;AUT;282.36;245.5304
CO1301;D675;1.15;CONV;AUT;73.17;63.6261
CO1301;D677;1.15;CONV;AUT;271.2;235.8261
CO1301;D678;1.15;CONV;AUT;14.4;12.5217
CO1301;D681;1.15;CONV;AUT;167.16;145.3565
CO1301;D704;1.15;CONV;AUT;18.0;15.6522
CO1302;D010;1.15;CONV;AUT;5.5;4.7826
CO1302;D011;1.15;CONV;AUT;11.78;10.2435
CO1302;D053;1.15;CONV;AUT;2.0;1.7391
CO1302;D440;1.15;CONV;AUT;14.3;12.4348
CO1302;D503;1.15;CONV;AUT;1.14;0.9913
CO1302;D514;1.15;CONV;AUT;32.83;28.5478
CO1302;D519;1.15;CONV;AUT;5.03;4.3739
CO1302;D520;1.15;CONV;AUT;37.04;32.2087
CO1302;D617;1.15;CONV;AUT;25.0;21.7391
CO1302;D620;1.15;CONV;AUT;3.99;3.4696
CO1302;D641;1.15;CONV;AUT;20.21;17.5739
CO1302;D644;1.15;CONV;AUT;10.0;8.6957
CO1302;D662;1.15;CONV;AUT;20.06;17.4435
CO1302;D663;1.15;CONV;AUT;5.0;4.3478
CO1302;D666;1.15;CONV;AUT;3.48;3.0261
CO1302;D678;1.15;CONV;AUT;6.86;5.9652
CO1302;D700;1.15;CONV;AUT;11.31;9.8348
CO1302;D702;1.15;CONV;AUT;15.0;13.0435
CO1302;D705;1.15;CONV;AUT;94.62;82.2783
CO1302;D707;1.15;CONV;AUT;61.0;53.0435
CO1302;D708;1.15;CONV;AUT;6.0;5.2174
CO1302;D711;1.15;CONV;AUT;7.0;6.087
CO1503;D006;1.0;CONV;AUT;10.875;10.875
CO1503;D007;1.0;CONV;AUT;55.0525;55.0525
CO1503;D010;1.0;CONV;AUT;37.0;37.0
CO1503;D011;1.0;CONV;AUT;19.0;19.0
CO1503;D014;1.0;CONV;AUT;23.275;23.275
CO1503;D015;1.0;CONV;AUT;121.295;121.295
CO1503;D026;1.0;CONV;AUT;20.0;20.0
CO1503;D037;1.0;CONV;AUT;135.6;135.6
CO1503;D038;1.0;CONV;AUT;35.0;35.0
CO1503;D049;1.0;CONV;AUT;44.58;44.58
CO1503;D052;1.0;CONV;AUT;30.0;30.0
CO1503;D062;1.0;CONV;AUT;33.15;33.15
CO1503;D068;1.0;CONV;AUT;42.5;42.5
CO1503;D100;1.0;CONV;AUT;32.5;32.5
CO1503;D114;1.0;CONV;AUT;13.175;13.175
CO1503;D116;1.0;CONV;AUT;43.765;43.765
CO1503;D200;1.0;CONV;AUT;68.75;68.75
CO1503;D204;1.0;CONV;AUT;8.85;8.85
CO1503;D220;1.0;CONV;AUT;46.45;46.45
CO1503;D402;1.0;CONV;AUT;15.03;15.03
CO1503;D411;1.0;CONV;AUT;13.75;13.75
CO1503;D435;1.0;CONV;AUT;6.45;6.45
CO1503;D441;1.0;CONV;AUT;171.92000000000002;171.92
CO1503;D445;1.0;CONV;AUT;95.675;95.675
CO1503;D456;1.0;CONV;AUT;107.95;107.95
CO1503;D476;1.0;CONV;AUT;33.78;33.78
CO1503;D512;1.0;CONV;AUT;27.725;27.725
CO1503;D603;1.0;CONV;AUT;10.2;10.2
CO1503;D606;1.0;CONV;AUT;36.33;36.33
CO1503;D608;1.0;CONV;AUT;161.7725;161.7725
CO1503;D610;1.0;CONV;AUT;46.875;46.875
CO1503;D611;1.0;CONV;AUT;19.44;19.44
CO1503;D614;1.0;CONV;AUT;11.7;11.7
CO1503;D620;1.0;CONV;AUT;14.79;14.79
CO1503;D621;1.0;CONV;AUT;18.325;18.325
CO1503;D625;1.0;CONV;AUT;45.0;45.0
CO1503;D626;1.0;CONV;AUT;45.0;45.0
CO1503;D627;1.0;CONV;AUT;46.83;46.83
CO1503;D628;1.0;CONV;AUT;22.14;22.14
CO1503;D631;1.0;CONV;AUT;130.55;130.55
CO1503;D632;1.0;CONV;AUT;91.22;91.22
CO1503;D638;1.0;CONV;AUT;57.55;57.55
CO1503;D639;1.0;CONV;AUT;78.125;78.125
CO1503;D641;1.0;CONV;AUT;39.59;39.59
CO1503;D642;1.0;CONV;AUT;18.5;18.5
CO1503;D643;1.0;CONV;AUT;14.225;14.225
CO1503;D645;1.0;CONV;AUT;28.25;28.25
CO1503;D649;1.0;CONV;AUT;48.705;48.705
CO1503;D651;1.0;CONV;AUT;89.45;89.45
CO1503;D652;1.0;CONV;AUT;37.5;37.5
CO1503;D653;1.0;CONV;AUT;28.48;28.48
CO1503;D660;1.0;CONV;AUT;72.24;72.24
CO1503;D665;1.0;CONV;AUT;33.3;33.3
CO1503;D666;1.0;CONV;AUT;34.15;34.15
CO1503;D672;1.0;CONV;AUT;33.175;33.175
CO1503;D673;1.0;CONV;AUT;13.9;13.9
CO1503;D675;1.0;CONV;AUT;75.0;75.0
CO1503;D677;1.0;CONV;AUT;394.4;394.4
CO1503;D679;1.0;CONV;AUT;75.0;75.0
CO1600;D006;1.0;CONV;SUM;30.0;30.0
CO1600;D008;1.0;CONV;SUM;55.83;55.83
CO1600;D009;1.0;CONV;SUM;14.29;14.29
CO1600;D014;1.0;CONV;SUM;60.61;60.61
CO1600;D015;1.0;CONV;SUM;10.0;10.0
CO1600;D087;1.0;CONV;SUM;40.0;40.0
CO1600;D112;1.0;CONV;SUM;54.6;54.6
CO1600;D402;1.0;CONV;SUM;10.0;10.0
CO1600;D404;1.0;CONV;SUM;117.724;117.724
CO1600;D441;1.0;CONV;SUM;20.52;20.52
CO1600;D490;1.0;CONV;SUM;47.772;47.772
CO1600;D503;1.0;CONV;SUM;3.0;3.0
CO1600;D508;1.0;CONV;SUM;50.0;50.0
CO1600;D603;1.0;CONV;SUM;6.55;6.55
CO1600;D611;1.0;CONV;SUM;15.826;15.826
CO1600;D625;1.0;CONV;SUM;18.002;18.002
CO1600;D631;1.0;CONV;SUM;306.064;306.064
CO1600;D632;1.0;CONV;SUM;181.586;181.586
CO1600;D633;1.0;CONV;SUM;347.788;347.788
CO1600;D638;1.0;CONV;SUM;21.484;21.484
CO1600;D659;1.0;CONV;SUM;34.454;34.454
CO1600;D666;1.0;CONV;SUM;8.28;8.28
CO1600;D667;1.0;CONV;SUM;10.386;10.386
CO1600;D669;1.0;CONV;SUM;46.728;46.728
CO1600;D677;1.0;CONV;SUM;17.12;17.12
ME010;D439;1.0;AB;SUM;69.0;69.0
ME010;D456;1.0;AB;SUM;17.16;17.16
ME010;D632;1.0;AB;SUM;23.4;23.4
ME010;D639;1.0;AB;SUM;211.02;211.02
ME010;D704;1.0;AB;SUM;28.5;28.5
ME012;D710;1.0;AB;SUM;57.0;57.0
ME030;D439;1.15;AB;SUM;24.0;20.8696
ME030;D456;1.15;AB;SUM;45.0;39.1304
ME030;D602;1.15;AB;SUM;151.5;131.7391
ME040;D456;1.6;AB;SUM;15.176;9.485
ME040;D639;1.6;AB;SUM;55.636;34.7725
ME040;D654;1.6;AB;SUM;33.6;21.0
ME050;D602;1.0;AB;SUM;64.5;64.5
ME080;D201;1.15;AB;SUM;4.38;3.8087
ME080;D439;1.15;AB;SUM;6.0;5.2174
ME080;D456;1.15;AB;SUM;7.62;6.6261
ME080;D654;1.15;AB;SUM;9.33;8.113
